fecha,pais,id_campaña,canal,gasto
2025-01-01,Mexico,organic_Mexico,organic,2446.25
2025-01-01,Mexico,paid_search_Mexico,paid_search,2704.34
2025-01-01,Mexico,social_Mexico,social,2045.01
2025-01-01,Colombia,organic_Colombia,organic,2597.21
2025-01-01,Colombia,paid_search_Colombia,paid_search,1771.4
2025-01-01,Colombia,social_Colombia,social,833.38
2025-01-01,Argentina,organic_Argentina,organic,1365.62
2025-01-01,Argentina,paid_search_Argentina,paid_search,1282.65
2025-01-01,Argentina,social_Argentina,social,1534.69
2025-01-02,Mexico,organic_Mexico,organic,2537.38
2025-01-02,Mexico,paid_search_Mexico,paid_search,1689.07
2025-01-02,Mexico,social_Mexico,social,2413.74
2025-01-02,Colombia,organic_Colombia,organic,1020.04
2025-01-02,Colombia,paid_search_Colombia,paid_search,1573.18
2025-01-02,Colombia,social_Colombia,social,726.68
2025-01-02,Argentina,organic_Argentina,organic,2295.15
2025-01-02,Argentina,paid_search_Argentina,paid_search,2114.02
2025-01-02,Argentina,social_Argentina,social,1020.97
2025-01-03,Mexico,organic_Mexico,organic,607.52
2025-01-03,Mexico,paid_search_Mexico,paid_search,690.46
2025-01-03,Mexico,social_Mexico,social,2875.31
2025-01-03,Colombia,organic_Colombia,organic,695.69
2025-01-03,Colombia,paid_search_Colombia,paid_search,603.17
2025-01-03,Colombia,social_Colombia,social,1055.99
2025-01-03,Argentina,organic_Argentina,organic,2303.86
2025-01-03,Argentina,paid_search_Argentina,paid_search,682.52
2025-01-03,Argentina,social_Argentina,social,1483.57
2025-01-04,Mexico,organic_Mexico,organic,1451.23
2025-01-04,Mexico,paid_search_Mexico,paid_search,2001.64
2025-01-04,Mexico,social_Mexico,social,1504.53
2025-01-04,Colombia,organic_Colombia,organic,1743.33
2025-01-04,Colombia,paid_search_Colombia,paid_search,2167.46
2025-01-04,Colombia,social_Colombia,social,2524.27
2025-01-04,Argentina,organic_Argentina,organic,1056.76
2025-01-04,Argentina,paid_search_Argentina,paid_search,1025.27
2025-01-04,Argentina,social_Argentina,social,964.01
2025-01-05,Mexico,organic_Mexico,organic,551.18
2025-01-05,Mexico,paid_search_Mexico,paid_search,1023.54
2025-01-05,Mexico,social_Mexico,social,2337.62
2025-01-05,Colombia,organic_Colombia,organic,2082.49
2025-01-05,Colombia,paid_search_Colombia,paid_search,2519.19
2025-01-05,Colombia,social_Colombia,social,1297.61
2025-01-05,Argentina,organic_Argentina,organic,2733.78
2025-01-05,Argentina,paid_search_Argentina,paid_search,727.99
2025-01-05,Argentina,social_Argentina,social,765.51
2025-01-06,Mexico,organic_Mexico,organic,1258.58
2025-01-06,Mexico,paid_search_Mexico,paid_search,2832.68
2025-01-06,Mexico,social_Mexico,social,2255.35
2025-01-06,Colombia,organic_Colombia,organic,1963.21
2025-01-06,Colombia,paid_search_Colombia,paid_search,2722.75
2025-01-06,Colombia,social_Colombia,social,2865.75
2025-01-06,Argentina,organic_Argentina,organic,2356.84
2025-01-06,Argentina,paid_search_Argentina,paid_search,1572.76
2025-01-06,Argentina,social_Argentina,social,532.18
2025-01-07,Mexico,organic_Mexico,organic,2515.54
2025-01-07,Mexico,paid_search_Mexico,paid_search,1133.93
2025-01-07,Mexico,social_Mexico,social,1994.01
2025-01-07,Colombia,organic_Colombia,organic,1869.52
2025-01-07,Colombia,paid_search_Colombia,paid_search,1959.43
2025-01-07,Colombia,social_Colombia,social,2239.17
2025-01-07,Argentina,organic_Argentina,organic,1682.92
2025-01-07,Argentina,paid_search_Argentina,paid_search,2181.47
2025-01-07,Argentina,social_Argentina,social,1265.21
2025-01-08,Mexico,organic_Mexico,organic,2879.73
2025-01-08,Mexico,paid_search_Mexico,paid_search,1003.16
2025-01-08,Mexico,social_Mexico,social,1147.28
2025-01-08,Colombia,organic_Colombia,organic,2297.81
2025-01-08,Colombia,paid_search_Colombia,paid_search,1949.01
2025-01-08,Colombia,social_Colombia,social,2038.05
2025-01-08,Argentina,organic_Argentina,organic,1725.48
2025-01-08,Argentina,paid_search_Argentina,paid_search,2558.56
2025-01-08,Argentina,social_Argentina,social,2136.17
2025-01-09,Mexico,organic_Mexico,organic,2649.2
2025-01-09,Mexico,paid_search_Mexico,paid_search,1993.03
2025-01-09,Mexico,social_Mexico,social,2144.51
2025-01-09,Colombia,organic_Colombia,organic,1560.15
2025-01-09,Colombia,paid_search_Colombia,paid_search,1114.57
2025-01-09,Colombia,social_Colombia,social,935.34
2025-01-09,Argentina,organic_Argentina,organic,2418.51
2025-01-09,Argentina,paid_search_Argentina,paid_search,2456.48
2025-01-09,Argentina,social_Argentina,social,1398.62
2025-01-10,Mexico,organic_Mexico,organic,2468.1
2025-01-10,Mexico,paid_search_Mexico,paid_search,2625.72
2025-01-10,Mexico,social_Mexico,social,2722.09
2025-01-10,Colombia,organic_Colombia,organic,1891.16
2025-01-10,Colombia,paid_search_Colombia,paid_search,2563.75
2025-01-10,Colombia,social_Colombia,social,2625.36
2025-01-10,Argentina,organic_Argentina,organic,2169.85
2025-01-10,Argentina,paid_search_Argentina,paid_search,2767.74
2025-01-10,Argentina,social_Argentina,social,799.02
2025-01-11,Mexico,organic_Mexico,organic,2383.14
2025-01-11,Mexico,paid_search_Mexico,paid_search,2096.82
2025-01-11,Mexico,social_Mexico,social,2459.36
2025-01-11,Colombia,organic_Colombia,organic,683.97
2025-01-11,Colombia,paid_search_Colombia,paid_search,1555.56
2025-01-11,Colombia,social_Colombia,social,2210.19
2025-01-11,Argentina,organic_Argentina,organic,1321.93
2025-01-11,Argentina,paid_search_Argentina,paid_search,1734.96
2025-01-11,Argentina,social_Argentina,Desconocido,849.7
2025-01-12,Mexico,organic_Mexico,Desconocido,2033.56
2025-01-12,Mexico,paid_search_Mexico,Desconocido,1260.65
2025-01-12,Mexico,social_Mexico,Desconocido,1660.9
2025-01-12,Colombia,organic_Colombia,Desconocido,1819.27
2025-01-12,Colombia,paid_search_Colombia,Desconocido,1583.33
2025-01-12,Colombia,social_Colombia,Desconocido,712.64
2025-01-12,Argentina,organic_Argentina,Desconocido,1860.4
2025-01-12,Argentina,paid_search_Argentina,Desconocido,885.06
2025-01-12,Argentina,social_Argentina,Desconocido,2253.77
2025-01-13,Mexico,organic_Mexico,Desconocido,2830.76
2025-01-13,Mexico,paid_search_Mexico,Desconocido,2797.38
2025-01-13,Mexico,social_Mexico,Desconocido,1701.42
2025-01-13,Colombia,organic_Colombia,Desconocido,1883.89
2025-01-13,Colombia,paid_search_Colombia,Desconocido,1151.34
2025-01-13,Colombia,social_Colombia,Desconocido,2261.13
2025-01-13,Argentina,organic_Argentina,Desconocido,833.13
2025-01-13,Argentina,paid_search_Argentina,Desconocido,2961.96
2025-01-13,Argentina,social_Argentina,Desconocido,2797.14
2025-01-14,Mexico,organic_Mexico,Desconocido,2201.4
2025-01-14,Mexico,paid_search_Mexico,Desconocido,2892.28
2025-01-14,Mexico,social_Mexico,Desconocido,608.76
2025-01-14,Colombia,organic_Colombia,Desconocido,505.28
2025-01-14,Colombia,paid_search_Colombia,Desconocido,963.54
2025-01-14,Colombia,social_Colombia,Desconocido,2847.73
2025-01-14,Argentina,organic_Argentina,Desconocido,1095.33
2025-01-14,Argentina,paid_search_Argentina,Desconocido,2189.47
2025-01-14,Argentina,social_Argentina,Desconocido,2631.69
2025-01-15,Mexico,organic_Mexico,Desconocido,1167.14
2025-01-15,Mexico,paid_search_Mexico,Desconocido,2823.15
2025-01-15,Mexico,social_Mexico,Desconocido,1084.78
2025-01-15,Colombia,organic_Colombia,Desconocido,667.39
2025-01-15,Colombia,paid_search_Colombia,Desconocido,1128.85
2025-01-15,Colombia,social_Colombia,Desconocido,1679.7
2025-01-15,Argentina,organic_Argentina,Desconocido,747.9
2025-01-15,Argentina,paid_search_Argentina,Desconocido,1540.62
2025-01-15,Argentina,social_Argentina,Desconocido,1384.05
2025-01-16,Mexico,organic_Mexico,Desconocido,2585.86
2025-01-16,Mexico,paid_search_Mexico,Desconocido,1456.54
2025-01-16,Mexico,social_Mexico,Desconocido,1240.29
2025-01-16,Colombia,organic_Colombia,Desconocido,675.53
2025-01-16,Colombia,paid_search_Colombia,Desconocido,2648.43
2025-01-16,Colombia,social_Colombia,Desconocido,2774.72
2025-01-16,Argentina,organic_Argentina,Desconocido,1877.06
2025-01-16,Argentina,paid_search_Argentina,Desconocido,1547.25
2025-01-16,Argentina,social_Argentina,Desconocido,1516.37
2025-01-17,Mexico,organic_Mexico,Desconocido,2051.66
2025-01-17,Mexico,paid_search_Mexico,Desconocido,2085.11
2025-01-17,Mexico,social_Mexico,Desconocido,538.06
2025-01-17,Colombia,organic_Colombia,Desconocido,1865.64
2025-01-17,Colombia,paid_search_Colombia,Desconocido,1563.39
2025-01-17,Colombia,social_Colombia,Desconocido,1676.54
2025-01-17,Argentina,organic_Argentina,Desconocido,1288.03
2025-01-17,Argentina,paid_search_Argentina,Desconocido,2395.4
2025-01-17,Argentina,social_Argentina,Desconocido,2998.3
2025-01-18,Mexico,organic_Mexico,Desconocido,2406.04
2025-01-18,Mexico,paid_search_Mexico,Desconocido,1528.64
2025-01-18,Mexico,social_Mexico,Desconocido,573.56
2025-01-18,Colombia,organic_Colombia,Desconocido,2465.84
2025-01-18,Colombia,paid_search_Colombia,Desconocido,516.71
2025-01-18,Colombia,social_Colombia,Desconocido,2177.01
2025-01-18,Argentina,organic_Argentina,Desconocido,2078.19
2025-01-18,Argentina,paid_search_Argentina,Desconocido,1847.66
2025-01-18,Argentina,social_Argentina,Desconocido,1781.79
2025-01-19,Mexico,organic_Mexico,Desconocido,1694.42
2025-01-19,Mexico,paid_search_Mexico,Desconocido,1673.86
2025-01-19,Mexico,social_Mexico,Desconocido,1019.59
2025-01-19,Colombia,organic_Colombia,Desconocido,1997.42
2025-01-19,Colombia,paid_search_Colombia,Desconocido,2775.67
2025-01-19,Colombia,social_Colombia,Desconocido,524.35
2025-01-19,Argentina,organic_Argentina,Desconocido,2955.37
2025-01-19,Argentina,paid_search_Argentina,Desconocido,808.1
2025-01-19,Argentina,social_Argentina,Desconocido,2916.82
2025-01-20,Mexico,organic_Mexico,Desconocido,547.62
2025-01-20,Mexico,paid_search_Mexico,Desconocido,1829.4
2025-01-20,Mexico,social_Mexico,Desconocido,1623.59
2025-01-20,Colombia,organic_Colombia,Desconocido,2560.31
2025-01-20,Colombia,paid_search_Colombia,Desconocido,2147.63
2025-01-20,Colombia,social_Colombia,Desconocido,1741.74
2025-01-20,Argentina,organic_Argentina,Desconocido,1400.26
2025-01-20,Argentina,paid_search_Argentina,Desconocido,1460.45
2025-01-20,Argentina,social_Argentina,Desconocido,1624.49
2025-01-21,Mexico,organic_Mexico,Desconocido,2317.14
2025-01-21,Mexico,paid_search_Mexico,Desconocido,1879.56
2025-01-21,Mexico,social_Mexico,Desconocido,2676.76
2025-01-21,Colombia,organic_Colombia,Desconocido,824.07
2025-01-21,Colombia,paid_search_Colombia,Desconocido,1245.46
2025-01-21,Colombia,social_Colombia,Desconocido,1819.7
2025-01-21,Argentina,organic_Argentina,Desconocido,807.86
2025-01-21,Argentina,paid_search_Argentina,Desconocido,2913.81
2025-01-21,Argentina,social_Argentina,Desconocido,1474.39
2025-01-22,Mexico,organic_Mexico,Desconocido,2244.54
2025-01-22,Mexico,paid_search_Mexico,Desconocido,2421.21
2025-01-22,Mexico,social_Mexico,Desconocido,2286.56
2025-01-22,Colombia,organic_Colombia,Desconocido,2289.19
2025-01-22,Colombia,paid_search_Colombia,Desconocido,1719.74
2025-01-22,Colombia,social_Colombia,Desconocido,772.46
2025-01-22,Argentina,organic_Argentina,Desconocido,1562.61
2025-01-22,Argentina,paid_search_Argentina,Desconocido,644.34
2025-01-22,Argentina,social_Argentina,Desconocido,2544.66
2025-01-23,Mexico,organic_Mexico,Desconocido,2977.84
2025-01-23,Mexico,paid_search_Mexico,paid_search,2763.14
2025-01-23,Mexico,social_Mexico,social,2787.05
2025-01-23,Colombia,organic_Colombia,organic,2438.53
2025-01-23,Colombia,paid_search_Colombia,paid_search,2834.32
2025-01-23,Colombia,social_Colombia,social,1741.55
2025-01-23,Argentina,organic_Argentina,organic,1318.27
2025-01-23,Argentina,paid_search_Argentina,paid_search,2025.48
2025-01-23,Argentina,social_Argentina,social,2264.63
2025-01-24,Mexico,organic_Mexico,organic,1072.29
2025-01-24,Mexico,paid_search_Mexico,paid_search,1903.1
2025-01-24,Mexico,social_Mexico,social,1866.07
2025-01-24,Colombia,organic_Colombia,organic,1017.68
2025-01-24,Colombia,paid_search_Colombia,paid_search,2690.33
2025-01-24,Colombia,social_Colombia,social,979.16
2025-01-24,Argentina,organic_Argentina,organic,2844.43
2025-01-24,Argentina,paid_search_Argentina,paid_search,723.81
2025-01-24,Argentina,social_Argentina,social,840.07
2025-01-25,Mexico,organic_Mexico,organic,635.56
2025-01-25,Mexico,paid_search_Mexico,paid_search,723.6
2025-01-25,Mexico,social_Mexico,social,2488.53
2025-01-25,Colombia,organic_Colombia,organic,2182.07
2025-01-25,Colombia,paid_search_Colombia,paid_search,1469.03
2025-01-25,Colombia,social_Colombia,social,2561.18
2025-01-25,Argentina,organic_Argentina,organic,706.53
2025-01-25,Argentina,paid_search_Argentina,paid_search,1341.83
2025-01-25,Argentina,social_Argentina,social,1963.42
2025-01-26,Mexico,organic_Mexico,organic,1961.97
2025-01-26,Mexico,paid_search_Mexico,paid_search,2910.94
2025-01-26,Mexico,social_Mexico,social,677.09
2025-01-26,Colombia,organic_Colombia,organic,2648.86
2025-01-26,Colombia,paid_search_Colombia,paid_search,1384.99
2025-01-26,Colombia,social_Colombia,social,1546.59
2025-01-26,Argentina,organic_Argentina,organic,790.43
2025-01-26,Argentina,paid_search_Argentina,paid_search,714.67
2025-01-26,Argentina,social_Argentina,social,1917.29
2025-01-27,Mexico,organic_Mexico,organic,2383.62
2025-01-27,Mexico,paid_search_Mexico,paid_search,1658.58
2025-01-27,Mexico,social_Mexico,social,2188.09
2025-01-27,Colombia,organic_Colombia,organic,2796.75
2025-01-27,Colombia,paid_search_Colombia,paid_search,1670.47
2025-01-27,Colombia,social_Colombia,social,2609.79
2025-01-27,Argentina,organic_Argentina,organic,2638.37
2025-01-27,Argentina,paid_search_Argentina,paid_search,1057.81
2025-01-27,Argentina,social_Argentina,social,1314.09
2025-01-28,Mexico,organic_Mexico,organic,1632.92
2025-01-28,Mexico,paid_search_Mexico,paid_search,2647.79
2025-01-28,Mexico,social_Mexico,social,1866.41
2025-01-28,Colombia,organic_Colombia,organic,2267.3
2025-01-28,Colombia,paid_search_Colombia,paid_search,1815.67
2025-01-28,Colombia,social_Colombia,social,2860.02
2025-01-28,Argentina,organic_Argentina,organic,2076.26
2025-01-28,Argentina,paid_search_Argentina,paid_search,2752.23
2025-01-28,Argentina,social_Argentina,social,2401.3
2025-01-29,Mexico,organic_Mexico,organic,1725.01
2025-01-29,Mexico,paid_search_Mexico,paid_search,691.54
2025-01-29,Mexico,social_Mexico,social,2005.1
2025-01-29,Colombia,organic_Colombia,organic,631.74
2025-01-29,Colombia,paid_search_Colombia,paid_search,2133.11
2025-01-29,Colombia,social_Colombia,social,1980.84
2025-01-29,Argentina,organic_Argentina,organic,653.88
2025-01-29,Argentina,paid_search_Argentina,paid_search,2534.82
2025-01-29,Argentina,social_Argentina,social,1400.08
2025-01-30,Mexico,organic_Mexico,organic,1765.35
2025-01-30,Mexico,paid_search_Mexico,paid_search,1074.75
2025-01-30,Mexico,social_Mexico,social,2735.72
2025-01-30,Colombia,organic_Colombia,organic,1448.99
2025-01-30,Colombia,paid_search_Colombia,paid_search,2969.52
2025-01-30,Colombia,social_Colombia,social,639.94
2025-01-30,Argentina,organic_Argentina,organic,2800.95
2025-01-30,Argentina,paid_search_Argentina,paid_search,1586.83
2025-01-30,Argentina,social_Argentina,social,952.75
2025-01-31,Mexico,organic_Mexico,organic,2058.61
2025-01-31,Mexico,paid_search_Mexico,paid_search,2068.31
2025-01-31,Mexico,social_Mexico,social,2023.55
2025-01-31,Colombia,organic_Colombia,organic,2477.19
2025-01-31,Colombia,paid_search_Colombia,paid_search,2596.02
2025-01-31,Colombia,social_Colombia,social,549.75
2025-01-31,Argentina,organic_Argentina,organic,1154.39
2025-01-31,Argentina,paid_search_Argentina,paid_search,2531.97
2025-01-31,Argentina,social_Argentina,social,2312.87
2025-02-01,Mexico,organic_Mexico,organic,2969.66
2025-02-01,Mexico,paid_search_Mexico,paid_search,928.49
2025-02-01,Mexico,social_Mexico,social,1511.83
2025-02-01,Colombia,organic_Colombia,organic,1829.3
2025-02-01,Colombia,paid_search_Colombia,paid_search,1079.44
2025-02-01,Colombia,social_Colombia,social,2318.11
2025-02-01,Argentina,organic_Argentina,organic,1400.74
2025-02-01,Argentina,paid_search_Argentina,paid_search,756.3
2025-02-01,Argentina,social_Argentina,social,1098.72
2025-02-02,Mexico,organic_Mexico,organic,1684.6
2025-02-02,Mexico,paid_search_Mexico,paid_search,1879.2
2025-02-02,Mexico,social_Mexico,social,776.24
2025-02-02,Colombia,organic_Colombia,organic,1068.9
2025-02-02,Colombia,paid_search_Colombia,paid_search,1451.38
2025-02-02,Colombia,social_Colombia,social,2918.29
2025-02-02,Argentina,organic_Argentina,organic,589.29
2025-02-02,Argentina,paid_search_Argentina,paid_search,1993.48
2025-02-02,Argentina,social_Argentina,social,2023.65
2025-02-03,Mexico,organic_Mexico,organic,1817.79
2025-02-03,Mexico,paid_search_Mexico,paid_search,2717.61
2025-02-03,Mexico,social_Mexico,social,1180.55
2025-02-03,Colombia,organic_Colombia,organic,980.11
2025-02-03,Colombia,paid_search_Colombia,paid_search,2296.49
2025-02-03,Colombia,social_Colombia,social,1075.63
2025-02-03,Argentina,organic_Argentina,organic,2303.33
2025-02-03,Argentina,paid_search_Argentina,paid_search,2738.63
2025-02-03,Argentina,social_Argentina,social,2289.75
2025-02-04,Mexico,organic_Mexico,organic,2910.33
2025-02-04,Mexico,paid_search_Mexico,paid_search,2316.15
2025-02-04,Mexico,social_Mexico,social,2799.33
2025-02-04,Colombia,organic_Colombia,organic,624.1
2025-02-04,Colombia,paid_search_Colombia,paid_search,2179.55
2025-02-04,Colombia,social_Colombia,social,2062.64
2025-02-04,Argentina,organic_Argentina,organic,541.15
2025-02-04,Argentina,paid_search_Argentina,paid_search,1460.28
2025-02-04,Argentina,social_Argentina,social,2079.35
2025-02-05,Mexico,organic_Mexico,organic,1174.93
2025-02-05,Mexico,paid_search_Mexico,paid_search,1361.32
2025-02-05,Mexico,social_Mexico,social,1783.67
2025-02-05,Colombia,organic_Colombia,organic,1535.18
2025-02-05,Colombia,paid_search_Colombia,paid_search,1889.29
2025-02-05,Colombia,social_Colombia,social,1873.36
2025-02-05,Argentina,organic_Argentina,organic,512.58
2025-02-05,Argentina,paid_search_Argentina,paid_search,873.01
2025-02-05,Argentina,social_Argentina,social,2013.74
2025-02-06,Mexico,organic_Mexico,organic,2981.65
2025-02-06,Mexico,paid_search_Mexico,paid_search,1668.75
2025-02-06,Mexico,social_Mexico,social,2857.64
2025-02-06,Colombia,organic_Colombia,organic,2523.37
2025-02-06,Colombia,paid_search_Colombia,paid_search,2117.79
2025-02-06,Colombia,social_Colombia,social,1320.64
2025-02-06,Argentina,organic_Argentina,organic,1071.84
2025-02-06,Argentina,paid_search_Argentina,paid_search,1877.89
2025-02-06,Argentina,social_Argentina,social,1893.3
2025-02-07,Mexico,organic_Mexico,organic,814.8
2025-02-07,Mexico,paid_search_Mexico,paid_search,1352.89
2025-02-07,Mexico,social_Mexico,social,2624.95
2025-02-07,Colombia,organic_Colombia,organic,580.64
2025-02-07,Colombia,paid_search_Colombia,paid_search,743.45
2025-02-07,Colombia,social_Colombia,social,1398.64
2025-02-07,Argentina,organic_Argentina,organic,2816.37
2025-02-07,Argentina,paid_search_Argentina,paid_search,1172.4
2025-02-07,Argentina,social_Argentina,social,662.43
2025-02-08,Mexico,organic_Mexico,organic,2607.08
2025-02-08,Mexico,paid_search_Mexico,paid_search,2913.29
2025-02-08,Mexico,social_Mexico,social,1913.79
2025-02-08,Colombia,organic_Colombia,organic,2144.04
2025-02-08,Colombia,paid_search_Colombia,paid_search,2450.33
2025-02-08,Colombia,social_Colombia,social,1692.63
2025-02-08,Argentina,organic_Argentina,organic,547.93
2025-02-08,Argentina,paid_search_Argentina,paid_search,834.31
2025-02-08,Argentina,social_Argentina,social,1935.15
2025-02-09,Mexico,organic_Mexico,organic,2516.05
2025-02-09,Mexico,paid_search_Mexico,paid_search,902.47
2025-02-09,Mexico,social_Mexico,social,2634.84
2025-02-09,Colombia,organic_Colombia,organic,2640.56
2025-02-09,Colombia,paid_search_Colombia,paid_search,2410.17
2025-02-09,Colombia,social_Colombia,social,1907.35
2025-02-09,Argentina,organic_Argentina,organic,2230.2
2025-02-09,Argentina,paid_search_Argentina,paid_search,2673.5
2025-02-09,Argentina,social_Argentina,social,2184.79
2025-02-10,Mexico,organic_Mexico,organic,1115.63
2025-02-10,Mexico,paid_search_Mexico,paid_search,2079.6
2025-02-10,Mexico,social_Mexico,social,1144.98
2025-02-10,Colombia,organic_Colombia,organic,915.59
2025-02-10,Colombia,paid_search_Colombia,paid_search,859.55
2025-02-10,Colombia,social_Colombia,social,2126.64
2025-02-10,Argentina,organic_Argentina,organic,2941.11
2025-02-10,Argentina,paid_search_Argentina,paid_search,1345.46
2025-02-10,Argentina,social_Argentina,social,1172.61
2025-02-11,Mexico,organic_Mexico,organic,1766.27
2025-02-11,Mexico,paid_search_Mexico,paid_search,2947.25
2025-02-11,Mexico,social_Mexico,social,1592.89
2025-02-11,Colombia,organic_Colombia,organic,2639.41
2025-02-11,Colombia,paid_search_Colombia,paid_search,618.44
2025-02-11,Colombia,social_Colombia,social,710.21
2025-02-11,Argentina,organic_Argentina,organic,502.2
2025-02-11,Argentina,paid_search_Argentina,paid_search,2362.95
2025-02-11,Argentina,social_Argentina,social,2051.72
2025-02-12,Mexico,organic_Mexico,organic,2620.43
2025-02-12,Mexico,paid_search_Mexico,paid_search,2051.25
2025-02-12,Mexico,social_Mexico,social,1340.74
2025-02-12,Colombia,organic_Colombia,organic,619.11
2025-02-12,Colombia,paid_search_Colombia,paid_search,1879.01
2025-02-12,Colombia,social_Colombia,social,1273.91
2025-02-12,Argentina,organic_Argentina,organic,710.09
2025-02-12,Argentina,paid_search_Argentina,paid_search,2800.0
2025-02-12,Argentina,social_Argentina,social,2499.63
2025-02-13,Mexico,organic_Mexico,organic,1098.11
2025-02-13,Mexico,paid_search_Mexico,paid_search,2044.97
2025-02-13,Mexico,social_Mexico,social,1917.53
2025-02-13,Colombia,organic_Colombia,organic,2857.99
2025-02-13,Colombia,paid_search_Colombia,paid_search,2181.19
2025-02-13,Colombia,social_Colombia,social,2729.66
2025-02-13,Argentina,organic_Argentina,organic,2321.47
2025-02-13,Argentina,paid_search_Argentina,paid_search,2240.14
2025-02-13,Argentina,social_Argentina,social,2740.7
2025-02-14,Mexico,organic_Mexico,organic,1126.83
2025-02-14,Mexico,paid_search_Mexico,paid_search,1340.47
2025-02-14,Mexico,social_Mexico,social,2572.5
2025-02-14,Colombia,organic_Colombia,organic,2867.96
2025-02-14,Colombia,paid_search_Colombia,paid_search,1764.55
2025-02-14,Colombia,social_Colombia,social,2040.07
2025-02-14,Argentina,organic_Argentina,organic,1673.23
2025-02-14,Argentina,paid_search_Argentina,paid_search,1583.19
2025-02-14,Argentina,social_Argentina,social,1557.65
2025-02-15,Mexico,organic_Mexico,organic,1914.51
2025-02-15,Mexico,paid_search_Mexico,paid_search,2897.76
2025-02-15,Mexico,social_Mexico,social,1371.24
2025-02-15,Colombia,organic_Colombia,organic,2117.51
2025-02-15,Colombia,paid_search_Colombia,paid_search,758.91
2025-02-15,Colombia,social_Colombia,social,729.79
2025-02-15,Argentina,organic_Argentina,organic,2602.04
2025-02-15,Argentina,paid_search_Argentina,paid_search,1053.58
2025-02-15,Argentina,social_Argentina,social,2365.0
2025-02-16,Mexico,organic_Mexico,organic,1692.32
2025-02-16,Mexico,paid_search_Mexico,paid_search,1076.3
2025-02-16,Mexico,social_Mexico,social,769.42
2025-02-16,Colombia,organic_Colombia,organic,912.29
2025-02-16,Colombia,paid_search_Colombia,paid_search,1888.79
2025-02-16,Colombia,social_Colombia,social,1464.1
2025-02-16,Argentina,organic_Argentina,organic,1760.75
2025-02-16,Argentina,paid_search_Argentina,paid_search,539.68
2025-02-16,Argentina,social_Argentina,social,1779.02
2025-02-17,Mexico,organic_Mexico,organic,1233.12
2025-02-17,Mexico,paid_search_Mexico,paid_search,2907.02
2025-02-17,Mexico,social_Mexico,social,2796.09
2025-02-17,Colombia,organic_Colombia,organic,2754.84
2025-02-17,Colombia,paid_search_Colombia,paid_search,1605.88
2025-02-17,Colombia,social_Colombia,social,1966.1
2025-02-17,Argentina,organic_Argentina,organic,2335.15
2025-02-17,Argentina,paid_search_Argentina,paid_search,2890.61
2025-02-17,Argentina,social_Argentina,social,656.87
2025-02-18,Mexico,organic_Mexico,organic,1839.38
2025-02-18,Mexico,paid_search_Mexico,paid_search,2750.91
2025-02-18,Mexico,social_Mexico,social,870.61
2025-02-18,Colombia,organic_Colombia,organic,520.99
2025-02-18,Colombia,paid_search_Colombia,paid_search,1339.59
2025-02-18,Colombia,social_Colombia,social,1972.5
2025-02-18,Argentina,organic_Argentina,organic,818.69
2025-02-18,Argentina,paid_search_Argentina,paid_search,2726.68
2025-02-18,Argentina,social_Argentina,social,1983.84
2025-02-19,Mexico,organic_Mexico,organic,2988.32
2025-02-19,Mexico,paid_search_Mexico,paid_search,2627.93
2025-02-19,Mexico,social_Mexico,social,1960.35
2025-02-19,Colombia,organic_Colombia,organic,2218.09
2025-02-19,Colombia,paid_search_Colombia,paid_search,982.34
2025-02-19,Colombia,social_Colombia,social,1491.12
2025-02-19,Argentina,organic_Argentina,organic,576.78
2025-02-19,Argentina,paid_search_Argentina,paid_search,2609.77
2025-02-19,Argentina,social_Argentina,social,932.57
2025-02-20,Mexico,organic_Mexico,organic,2481.1
2025-02-20,Mexico,paid_search_Mexico,paid_search,2916.33
2025-02-20,Mexico,social_Mexico,social,2297.21
2025-02-20,Colombia,organic_Colombia,organic,2337.19
2025-02-20,Colombia,paid_search_Colombia,paid_search,2396.14
2025-02-20,Colombia,social_Colombia,social,2287.33
2025-02-20,Argentina,organic_Argentina,organic,1285.02
2025-02-20,Argentina,paid_search_Argentina,paid_search,1975.29
2025-02-20,Argentina,social_Argentina,social,2178.6
2025-02-21,Mexico,organic_Mexico,organic,1943.26
2025-02-21,Mexico,paid_search_Mexico,paid_search,1427.47
2025-02-21,Mexico,social_Mexico,social,2535.52
2025-02-21,Colombia,organic_Colombia,organic,802.29
2025-02-21,Colombia,paid_search_Colombia,paid_search,1915.65
2025-02-21,Colombia,social_Colombia,social,1086.55
2025-02-21,Argentina,organic_Argentina,organic,1004.32
2025-02-21,Argentina,paid_search_Argentina,paid_search,1446.01
2025-02-21,Argentina,social_Argentina,social,936.01
2025-02-22,Mexico,organic_Mexico,organic,1961.19
2025-02-22,Mexico,paid_search_Mexico,paid_search,1628.29
2025-02-22,Mexico,social_Mexico,social,2055.44
2025-02-22,Colombia,organic_Colombia,organic,699.81
2025-02-22,Colombia,paid_search_Colombia,paid_search,2880.14
2025-02-22,Colombia,social_Colombia,social,2999.36
2025-02-22,Argentina,organic_Argentina,organic,772.55
2025-02-22,Argentina,paid_search_Argentina,paid_search,2039.54
2025-02-22,Argentina,social_Argentina,social,1711.34
2025-02-23,Mexico,organic_Mexico,organic,2004.91
2025-02-23,Mexico,paid_search_Mexico,paid_search,1176.16
2025-02-23,Mexico,social_Mexico,social,2432.8
2025-02-23,Colombia,organic_Colombia,organic,2363.76
2025-02-23,Colombia,paid_search_Colombia,paid_search,2107.64
2025-02-23,Colombia,social_Colombia,social,634.17
2025-02-23,Argentina,organic_Argentina,organic,1255.48
2025-02-23,Argentina,paid_search_Argentina,paid_search,1758.69
2025-02-23,Argentina,social_Argentina,social,1255.49
2025-02-24,Mexico,organic_Mexico,organic,2860.22
2025-02-24,Mexico,paid_search_Mexico,paid_search,1190.24
2025-02-24,Mexico,social_Mexico,social,2732.14
2025-02-24,Colombia,organic_Colombia,organic,2166.54
2025-02-24,Colombia,paid_search_Colombia,paid_search,2286.43
2025-02-24,Colombia,social_Colombia,social,2449.69
2025-02-24,Argentina,organic_Argentina,organic,896.95
2025-02-24,Argentina,paid_search_Argentina,paid_search,673.33
2025-02-24,Argentina,social_Argentina,social,1144.79
2025-02-25,Mexico,organic_Mexico,organic,901.24
2025-02-25,Mexico,paid_search_Mexico,paid_search,794.07
2025-02-25,Mexico,social_Mexico,social,2643.91
2025-02-25,Colombia,organic_Colombia,organic,1669.77
2025-02-25,Colombia,paid_search_Colombia,paid_search,2969.49
2025-02-25,Colombia,social_Colombia,social,604.86
2025-02-25,Argentina,organic_Argentina,organic,2042.74
2025-02-25,Argentina,paid_search_Argentina,paid_search,552.09
2025-02-25,Argentina,social_Argentina,social,2476.56
2025-02-26,Mexico,organic_Mexico,organic,2604.93
2025-02-26,Mexico,paid_search_Mexico,paid_search,533.47
2025-02-26,Mexico,social_Mexico,social,1444.43
2025-02-26,Colombia,organic_Colombia,organic,679.05
2025-02-26,Colombia,paid_search_Colombia,paid_search,2580.79
2025-02-26,Colombia,social_Colombia,social,2271.79
2025-02-26,Argentina,organic_Argentina,organic,1245.09
2025-02-26,Argentina,paid_search_Argentina,paid_search,531.75
2025-02-26,Argentina,social_Argentina,social,2696.62
2025-02-27,Mexico,organic_Mexico,organic,2264.64
2025-02-27,Mexico,paid_search_Mexico,paid_search,2559.49
2025-02-27,Mexico,social_Mexico,social,1971.46
2025-02-27,Colombia,organic_Colombia,organic,2988.92
2025-02-27,Colombia,paid_search_Colombia,paid_search,2279.81
2025-02-27,Colombia,social_Colombia,social,831.02
2025-02-27,Argentina,organic_Argentina,organic,996.85
2025-02-27,Argentina,paid_search_Argentina,paid_search,1460.77
2025-02-27,Argentina,social_Argentina,social,784.04
2025-02-28,Mexico,organic_Mexico,organic,1523.78
2025-02-28,Mexico,paid_search_Mexico,paid_search,2178.26
2025-02-28,Mexico,social_Mexico,social,2362.64
2025-02-28,Colombia,organic_Colombia,organic,2083.37
2025-02-28,Colombia,paid_search_Colombia,paid_search,1552.63
2025-02-28,Colombia,social_Colombia,social,2715.28
2025-02-28,Argentina,organic_Argentina,organic,2477.47
2025-02-28,Argentina,paid_search_Argentina,paid_search,1677.61
2025-02-28,Argentina,social_Argentina,social,2303.14
2025-03-01,Mexico,organic_Mexico,organic,1285.76
2025-03-01,Mexico,paid_search_Mexico,paid_search,2565.67
2025-03-01,Mexico,social_Mexico,social,1997.66
2025-03-01,Colombia,organic_Colombia,organic,2665.73
2025-03-01,Colombia,paid_search_Colombia,paid_search,844.75
2025-03-01,Colombia,social_Colombia,social,2971.47
2025-03-01,Argentina,organic_Argentina,organic,1325.8
2025-03-01,Argentina,paid_search_Argentina,paid_search,732.26
2025-03-01,Argentina,social_Argentina,social,1625.45
2025-03-02,Mexico,organic_Mexico,organic,2563.5
2025-03-02,Mexico,paid_search_Mexico,paid_search,1018.16
2025-03-02,Mexico,social_Mexico,social,2220.58
2025-03-02,Colombia,organic_Colombia,organic,1966.37
2025-03-02,Colombia,paid_search_Colombia,paid_search,1035.48
2025-03-02,Colombia,social_Colombia,social,501.28
2025-03-02,Argentina,organic_Argentina,organic,1343.81
2025-03-02,Argentina,paid_search_Argentina,paid_search,1868.92
2025-03-02,Argentina,social_Argentina,social,778.93
2025-03-03,Mexico,organic_Mexico,organic,2674.67
2025-03-03,Mexico,paid_search_Mexico,paid_search,2969.11
2025-03-03,Mexico,social_Mexico,social,2040.3
2025-03-03,Colombia,organic_Colombia,organic,2043.61
2025-03-03,Colombia,paid_search_Colombia,paid_search,1467.76
2025-03-03,Colombia,social_Colombia,social,2310.52
2025-03-03,Argentina,organic_Argentina,organic,1416.81
2025-03-03,Argentina,paid_search_Argentina,paid_search,2921.05
2025-03-03,Argentina,social_Argentina,social,785.4
2025-03-04,Mexico,organic_Mexico,organic,505.59
2025-03-04,Mexico,paid_search_Mexico,paid_search,2902.89
2025-03-04,Mexico,social_Mexico,social,825.83
2025-03-04,Colombia,organic_Colombia,organic,2243.9
2025-03-04,Colombia,paid_search_Colombia,paid_search,2137.18
2025-03-04,Colombia,social_Colombia,social,2257.07
2025-03-04,Argentina,organic_Argentina,organic,2593.45
2025-03-04,Argentina,paid_search_Argentina,paid_search,523.1
2025-03-04,Argentina,social_Argentina,social,2293.99
2025-03-05,Mexico,organic_Mexico,organic,1857.56
2025-03-05,Mexico,paid_search_Mexico,paid_search,1508.72
2025-03-05,Mexico,social_Mexico,social,1079.07
2025-03-05,Colombia,organic_Colombia,organic,2382.48
2025-03-05,Colombia,paid_search_Colombia,paid_search,2628.61
2025-03-05,Colombia,social_Colombia,social,1610.57
2025-03-05,Argentina,organic_Argentina,organic,1320.59
2025-03-05,Argentina,paid_search_Argentina,paid_search,1300.0
2025-03-05,Argentina,social_Argentina,social,2974.46
2025-03-06,Mexico,organic_Mexico,organic,1651.4
2025-03-06,Mexico,paid_search_Mexico,paid_search,1244.98
2025-03-06,Mexico,social_Mexico,social,2727.94
2025-03-06,Colombia,organic_Colombia,organic,1338.79
2025-03-06,Colombia,paid_search_Colombia,paid_search,1037.34
2025-03-06,Colombia,social_Colombia,social,2793.68
2025-03-06,Argentina,organic_Argentina,organic,2971.77
2025-03-06,Argentina,paid_search_Argentina,paid_search,514.64
2025-03-06,Argentina,social_Argentina,social,2188.01
2025-03-07,Mexico,organic_Mexico,organic,2431.44
2025-03-07,Mexico,paid_search_Mexico,paid_search,2709.79
2025-03-07,Mexico,social_Mexico,social,1616.76
2025-03-07,Colombia,organic_Colombia,organic,2208.18
2025-03-07,Colombia,paid_search_Colombia,paid_search,1354.81
2025-03-07,Colombia,social_Colombia,social,1323.2
2025-03-07,Argentina,organic_Argentina,organic,2440.72
2025-03-07,Argentina,paid_search_Argentina,paid_search,674.71
2025-03-07,Argentina,social_Argentina,social,2896.24
2025-03-08,Mexico,organic_Mexico,organic,1430.22
2025-03-08,Mexico,paid_search_Mexico,paid_search,2796.79
2025-03-08,Mexico,social_Mexico,social,2337.36
2025-03-08,Colombia,organic_Colombia,organic,905.4
2025-03-08,Colombia,paid_search_Colombia,paid_search,955.49
2025-03-08,Colombia,social_Colombia,social,760.35
2025-03-08,Argentina,organic_Argentina,organic,2219.39
2025-03-08,Argentina,paid_search_Argentina,paid_search,2419.68
2025-03-08,Argentina,social_Argentina,social,2717.79
2025-03-09,Mexico,organic_Mexico,organic,777.29
2025-03-09,Mexico,paid_search_Mexico,paid_search,2979.65
2025-03-09,Mexico,social_Mexico,social,2261.8
2025-03-09,Colombia,organic_Colombia,organic,2314.17
2025-03-09,Colombia,paid_search_Colombia,paid_search,2674.55
2025-03-09,Colombia,social_Colombia,social,2707.99
2025-03-09,Argentina,organic_Argentina,organic,2460.54
2025-03-09,Argentina,paid_search_Argentina,paid_search,2039.28
2025-03-09,Argentina,social_Argentina,social,2703.46
2025-03-10,Mexico,organic_Mexico,organic,1817.97
2025-03-10,Mexico,paid_search_Mexico,paid_search,2880.9
2025-03-10,Mexico,social_Mexico,social,658.58
2025-03-10,Colombia,organic_Colombia,organic,1664.65
2025-03-10,Colombia,paid_search_Colombia,paid_search,1793.57
2025-03-10,Colombia,social_Colombia,social,2928.11
2025-03-10,Argentina,organic_Argentina,organic,1518.44
2025-03-10,Argentina,paid_search_Argentina,paid_search,2007.83
2025-03-10,Argentina,social_Argentina,social,1535.76
2025-03-11,Mexico,organic_Mexico,organic,2689.86
2025-03-11,Mexico,paid_search_Mexico,paid_search,2946.8
2025-03-11,Mexico,social_Mexico,social,1707.33
2025-03-11,Colombia,organic_Colombia,organic,1206.49
2025-03-11,Colombia,paid_search_Colombia,paid_search,865.82
2025-03-11,Colombia,social_Colombia,social,1615.39
2025-03-11,Argentina,organic_Argentina,organic,2296.31
2025-03-11,Argentina,paid_search_Argentina,paid_search,1187.95
2025-03-11,Argentina,social_Argentina,social,1815.6
2025-03-12,Mexico,organic_Mexico,organic,1862.52
2025-03-12,Mexico,paid_search_Mexico,paid_search,2272.92
2025-03-12,Mexico,social_Mexico,social,969.87
2025-03-12,Colombia,organic_Colombia,organic,1768.93
2025-03-12,Colombia,paid_search_Colombia,paid_search,581.57
2025-03-12,Colombia,social_Colombia,social,2083.91
2025-03-12,Argentina,organic_Argentina,organic,1989.0
2025-03-12,Argentina,paid_search_Argentina,paid_search,1641.58
2025-03-12,Argentina,social_Argentina,social,1581.3
2025-03-13,Mexico,organic_Mexico,organic,2834.77
2025-03-13,Mexico,paid_search_Mexico,paid_search,1770.31
2025-03-13,Mexico,social_Mexico,social,1467.01
2025-03-13,Colombia,organic_Colombia,organic,881.84
2025-03-13,Colombia,paid_search_Colombia,paid_search,2149.67
2025-03-13,Colombia,social_Colombia,social,2219.17
2025-03-13,Argentina,organic_Argentina,organic,2133.74
2025-03-13,Argentina,paid_search_Argentina,paid_search,691.8
2025-03-13,Argentina,social_Argentina,social,2829.92
2025-03-14,Mexico,organic_Mexico,organic,711.85
2025-03-14,Mexico,paid_search_Mexico,paid_search,1056.25
2025-03-14,Mexico,social_Mexico,social,2617.0
2025-03-14,Colombia,organic_Colombia,organic,908.29
2025-03-14,Colombia,paid_search_Colombia,paid_search,2596.73
2025-03-14,Colombia,social_Colombia,social,2907.91
2025-03-14,Argentina,organic_Argentina,organic,2636.93
2025-03-14,Argentina,paid_search_Argentina,paid_search,2340.49
2025-03-14,Argentina,social_Argentina,social,1700.72
2025-03-15,Mexico,organic_Mexico,organic,2000.39
2025-03-15,Mexico,paid_search_Mexico,paid_search,2778.67
2025-03-15,Mexico,social_Mexico,social,2826.9
2025-03-15,Colombia,organic_Colombia,organic,744.06
2025-03-15,Colombia,paid_search_Colombia,paid_search,1691.2
2025-03-15,Colombia,social_Colombia,social,2517.14
2025-03-15,Argentina,organic_Argentina,organic,2675.72
2025-03-15,Argentina,paid_search_Argentina,paid_search,1485.68
2025-03-15,Argentina,social_Argentina,social,1435.46
2025-03-16,Mexico,organic_Mexico,organic,1193.85
2025-03-16,Mexico,paid_search_Mexico,paid_search,2406.21
2025-03-16,Mexico,social_Mexico,social,575.12
2025-03-16,Colombia,organic_Colombia,organic,1783.06
2025-03-16,Colombia,paid_search_Colombia,paid_search,2579.61
2025-03-16,Colombia,social_Colombia,social,1467.96
2025-03-16,Argentina,organic_Argentina,organic,1290.87
2025-03-16,Argentina,paid_search_Argentina,paid_search,2468.62
2025-03-16,Argentina,social_Argentina,social,1630.64
2025-03-17,Mexico,organic_Mexico,organic,2380.07
2025-03-17,Mexico,paid_search_Mexico,paid_search,533.88
2025-03-17,Mexico,social_Mexico,social,1010.72
2025-03-17,Colombia,organic_Colombia,organic,2026.73
2025-03-17,Colombia,paid_search_Colombia,paid_search,856.19
2025-03-17,Colombia,social_Colombia,social,2562.97
2025-03-17,Argentina,organic_Argentina,organic,1142.13
2025-03-17,Argentina,paid_search_Argentina,paid_search,784.67
2025-03-17,Argentina,social_Argentina,social,1254.99
2025-03-18,Mexico,organic_Mexico,organic,2127.39
2025-03-18,Mexico,paid_search_Mexico,paid_search,554.52
2025-03-18,Mexico,social_Mexico,social,597.7
2025-03-18,Colombia,organic_Colombia,organic,2755.39
2025-03-18,Colombia,paid_search_Colombia,paid_search,1786.94
2025-03-18,Colombia,social_Colombia,social,725.58
2025-03-18,Argentina,organic_Argentina,organic,2454.71
2025-03-18,Argentina,paid_search_Argentina,paid_search,2197.85
2025-03-18,Argentina,social_Argentina,social,2566.51
2025-03-19,Mexico,organic_Mexico,organic,1295.6
2025-03-19,Mexico,paid_search_Mexico,paid_search,2775.27
2025-03-19,Mexico,social_Mexico,social,1582.66
2025-03-19,Colombia,organic_Colombia,organic,708.99
2025-03-19,Colombia,paid_search_Colombia,paid_search,1766.0
2025-03-19,Colombia,social_Colombia,social,1490.12
2025-03-19,Argentina,organic_Argentina,organic,1911.73
2025-03-19,Argentina,paid_search_Argentina,paid_search,695.47
2025-03-19,Argentina,social_Argentina,social,1376.88
2025-03-20,Mexico,organic_Mexico,organic,767.58
2025-03-20,Mexico,paid_search_Mexico,paid_search,1208.18
2025-03-20,Mexico,social_Mexico,social,1055.35
2025-03-20,Colombia,organic_Colombia,organic,2662.43
2025-03-20,Colombia,paid_search_Colombia,paid_search,2038.09
2025-03-20,Colombia,social_Colombia,social,2065.47
2025-03-20,Argentina,organic_Argentina,organic,1737.1
2025-03-20,Argentina,paid_search_Argentina,paid_search,2643.27
2025-03-20,Argentina,social_Argentina,social,2882.59
2025-03-21,Mexico,organic_Mexico,organic,1620.17
2025-03-21,Mexico,paid_search_Mexico,paid_search,1566.3
2025-03-21,Mexico,social_Mexico,social,2794.58
2025-03-21,Colombia,organic_Colombia,organic,779.63
2025-03-21,Colombia,paid_search_Colombia,paid_search,2639.25
2025-03-21,Colombia,social_Colombia,social,2818.25
2025-03-21,Argentina,organic_Argentina,organic,1812.19
2025-03-21,Argentina,paid_search_Argentina,paid_search,894.59
2025-03-21,Argentina,social_Argentina,social,2699.24
2025-03-22,Mexico,organic_Mexico,organic,1638.03
2025-03-22,Mexico,paid_search_Mexico,paid_search,1156.59
2025-03-22,Mexico,social_Mexico,social,1576.11
2025-03-22,Colombia,organic_Colombia,organic,945.31
2025-03-22,Colombia,paid_search_Colombia,paid_search,2258.04
2025-03-22,Colombia,social_Colombia,social,2869.48
2025-03-22,Argentina,organic_Argentina,organic,619.11
2025-03-22,Argentina,paid_search_Argentina,paid_search,2105.4
2025-03-22,Argentina,social_Argentina,social,2375.49
2025-03-23,Mexico,organic_Mexico,organic,2423.01
2025-03-23,Mexico,paid_search_Mexico,paid_search,1236.86
2025-03-23,Mexico,social_Mexico,social,2878.95
2025-03-23,Colombia,organic_Colombia,organic,2899.55
2025-03-23,Colombia,paid_search_Colombia,paid_search,2761.22
2025-03-23,Colombia,social_Colombia,social,1298.04
2025-03-23,Argentina,organic_Argentina,organic,2990.6
2025-03-23,Argentina,paid_search_Argentina,paid_search,1297.98
2025-03-23,Argentina,social_Argentina,social,2804.65
2025-03-24,Mexico,organic_Mexico,organic,2938.28
2025-03-24,Mexico,paid_search_Mexico,paid_search,585.56
2025-03-24,Mexico,social_Mexico,social,1895.26
2025-03-24,Colombia,organic_Colombia,organic,2421.0
2025-03-24,Colombia,paid_search_Colombia,paid_search,663.73
2025-03-24,Colombia,social_Colombia,social,744.95
2025-03-24,Argentina,organic_Argentina,organic,2387.88
2025-03-24,Argentina,paid_search_Argentina,paid_search,2237.02
2025-03-24,Argentina,social_Argentina,social,1168.73
2025-03-25,Mexico,organic_Mexico,organic,1332.11
2025-03-25,Mexico,paid_search_Mexico,paid_search,2969.28
2025-03-25,Mexico,social_Mexico,social,2993.4
2025-03-25,Colombia,organic_Colombia,organic,922.63
2025-03-25,Colombia,paid_search_Colombia,paid_search,810.64
2025-03-25,Colombia,social_Colombia,social,2105.36
2025-03-25,Argentina,organic_Argentina,organic,1679.68
2025-03-25,Argentina,paid_search_Argentina,paid_search,843.26
2025-03-25,Argentina,social_Argentina,social,2307.75
2025-03-26,Mexico,organic_Mexico,organic,2770.95
2025-03-26,Mexico,paid_search_Mexico,paid_search,2834.31
2025-03-26,Mexico,social_Mexico,social,590.64
2025-03-26,Colombia,organic_Colombia,organic,547.28
2025-03-26,Colombia,paid_search_Colombia,paid_search,2790.82
2025-03-26,Colombia,social_Colombia,social,2841.48
2025-03-26,Argentina,organic_Argentina,organic,2369.91
2025-03-26,Argentina,paid_search_Argentina,paid_search,1040.64
2025-03-26,Argentina,social_Argentina,social,1587.44
2025-03-27,Mexico,organic_Mexico,organic,2921.5
2025-03-27,Mexico,paid_search_Mexico,paid_search,1917.8
2025-03-27,Mexico,social_Mexico,social,1857.03
2025-03-27,Colombia,organic_Colombia,organic,2971.19
2025-03-27,Colombia,paid_search_Colombia,paid_search,1290.25
2025-03-27,Colombia,social_Colombia,social,2345.12
2025-03-27,Argentina,organic_Argentina,organic,2357.61
2025-03-27,Argentina,paid_search_Argentina,paid_search,2884.87
2025-03-27,Argentina,social_Argentina,social,2233.71
2025-03-28,Mexico,organic_Mexico,organic,1300.24
2025-03-28,Mexico,paid_search_Mexico,paid_search,2553.86
2025-03-28,Mexico,social_Mexico,social,1804.88
2025-03-28,Colombia,organic_Colombia,organic,676.5
2025-03-28,Colombia,paid_search_Colombia,paid_search,1450.98
2025-03-28,Colombia,social_Colombia,social,603.17
2025-03-28,Argentina,organic_Argentina,organic,1040.38
2025-03-28,Argentina,paid_search_Argentina,paid_search,1955.53
2025-03-28,Argentina,social_Argentina,social,1475.66
2025-03-29,Mexico,organic_Mexico,organic,2097.19
2025-03-29,Mexico,paid_search_Mexico,paid_search,2467.24
2025-03-29,Mexico,social_Mexico,social,2769.14
2025-03-29,Colombia,organic_Colombia,organic,2802.7
2025-03-29,Colombia,paid_search_Colombia,paid_search,1921.42
2025-03-29,Colombia,social_Colombia,social,1391.51
2025-03-29,Argentina,organic_Argentina,organic,2417.71
2025-03-29,Argentina,paid_search_Argentina,paid_search,650.12
2025-03-29,Argentina,social_Argentina,social,1490.41
2025-03-30,Mexico,organic_Mexico,organic,828.11
2025-03-30,Mexico,paid_search_Mexico,paid_search,1731.35
2025-03-30,Mexico,social_Mexico,social,2408.97
2025-03-30,Colombia,organic_Colombia,organic,2629.57
2025-03-30,Colombia,paid_search_Colombia,paid_search,2563.4
2025-03-30,Colombia,social_Colombia,social,882.63
2025-03-30,Argentina,organic_Argentina,organic,2458.53
2025-03-30,Argentina,paid_search_Argentina,paid_search,1744.8
2025-03-30,Argentina,social_Argentina,social,1358.22
2025-03-31,Mexico,organic_Mexico,organic,2238.17
2025-03-31,Mexico,paid_search_Mexico,paid_search,2006.13
2025-03-31,Mexico,social_Mexico,social,2382.97
2025-03-31,Colombia,organic_Colombia,organic,2830.91
2025-03-31,Colombia,paid_search_Colombia,paid_search,612.18
2025-03-31,Colombia,social_Colombia,social,2945.61
2025-03-31,Argentina,organic_Argentina,organic,2418.3
2025-03-31,Argentina,paid_search_Argentina,paid_search,546.85
2025-03-31,Argentina,social_Argentina,social,2293.72
2025-04-01,Mexico,organic_Mexico,organic,1588.59
2025-04-01,Mexico,paid_search_Mexico,paid_search,1113.38
2025-04-01,Mexico,social_Mexico,social,1004.92
2025-04-01,Colombia,organic_Colombia,organic,2226.62
2025-04-01,Colombia,paid_search_Colombia,paid_search,1794.02
2025-04-01,Colombia,social_Colombia,social,1141.43
2025-04-01,Argentina,organic_Argentina,organic,2836.63
2025-04-01,Argentina,paid_search_Argentina,paid_search,2381.43
2025-04-01,Argentina,social_Argentina,social,1662.12
2025-04-02,Mexico,organic_Mexico,organic,2618.67
2025-04-02,Mexico,paid_search_Mexico,paid_search,1565.52
2025-04-02,Mexico,social_Mexico,social,1646.79
2025-04-02,Colombia,organic_Colombia,organic,1088.54
2025-04-02,Colombia,paid_search_Colombia,paid_search,2135.97
2025-04-02,Colombia,social_Colombia,social,1699.24
2025-04-02,Argentina,organic_Argentina,organic,776.65
2025-04-02,Argentina,paid_search_Argentina,paid_search,872.62
2025-04-02,Argentina,social_Argentina,social,1359.38
2025-04-03,Mexico,organic_Mexico,organic,2079.1
2025-04-03,Mexico,paid_search_Mexico,paid_search,955.01
2025-04-03,Mexico,social_Mexico,social,2603.31
2025-04-03,Colombia,organic_Colombia,organic,1772.7
2025-04-03,Colombia,paid_search_Colombia,paid_search,1264.02
2025-04-03,Colombia,social_Colombia,social,2888.12
2025-04-03,Argentina,organic_Argentina,organic,2828.62
2025-04-03,Argentina,paid_search_Argentina,paid_search,2405.88
2025-04-03,Argentina,social_Argentina,social,2451.95
2025-04-04,Mexico,organic_Mexico,organic,2924.95
2025-04-04,Mexico,paid_search_Mexico,paid_search,2188.7
2025-04-04,Mexico,social_Mexico,social,1919.23
2025-04-04,Colombia,organic_Colombia,organic,1496.64
2025-04-04,Colombia,paid_search_Colombia,paid_search,1294.32
2025-04-04,Colombia,social_Colombia,social,743.49
2025-04-04,Argentina,organic_Argentina,organic,842.11
2025-04-04,Argentina,paid_search_Argentina,paid_search,2195.9
2025-04-04,Argentina,social_Argentina,social,630.78
2025-04-05,Mexico,organic_Mexico,organic,2611.13
2025-04-05,Mexico,paid_search_Mexico,paid_search,1982.97
2025-04-05,Mexico,social_Mexico,social,1488.23
2025-04-05,Colombia,organic_Colombia,organic,2063.86
2025-04-05,Colombia,paid_search_Colombia,paid_search,1965.5
2025-04-05,Colombia,social_Colombia,social,2317.42
2025-04-05,Argentina,organic_Argentina,organic,977.94
2025-04-05,Argentina,paid_search_Argentina,paid_search,2456.57
2025-04-05,Argentina,social_Argentina,social,2613.24
2025-04-06,Mexico,organic_Mexico,organic,1191.92
2025-04-06,Mexico,paid_search_Mexico,paid_search,1584.45
2025-04-06,Mexico,social_Mexico,social,2009.39
2025-04-06,Colombia,organic_Colombia,organic,1242.79
2025-04-06,Colombia,paid_search_Colombia,paid_search,1284.26
2025-04-06,Colombia,social_Colombia,social,1281.05
2025-04-06,Argentina,organic_Argentina,organic,981.91
2025-04-06,Argentina,paid_search_Argentina,paid_search,2044.79
2025-04-06,Argentina,social_Argentina,social,1670.75
2025-04-07,Mexico,organic_Mexico,organic,2833.06
2025-04-07,Mexico,paid_search_Mexico,paid_search,1068.41
2025-04-07,Mexico,social_Mexico,social,1571.1
2025-04-07,Colombia,organic_Colombia,organic,2024.73
2025-04-07,Colombia,paid_search_Colombia,paid_search,730.82
2025-04-07,Colombia,social_Colombia,social,1831.64
2025-04-07,Argentina,organic_Argentina,organic,1489.46
2025-04-07,Argentina,paid_search_Argentina,paid_search,1423.21
2025-04-07,Argentina,social_Argentina,social,788.44
2025-04-08,Mexico,organic_Mexico,organic,1619.03
2025-04-08,Mexico,paid_search_Mexico,paid_search,2997.21
2025-04-08,Mexico,social_Mexico,social,2306.55
2025-04-08,Colombia,organic_Colombia,organic,2706.41
2025-04-08,Colombia,paid_search_Colombia,paid_search,803.34
2025-04-08,Colombia,social_Colombia,social,905.32
2025-04-08,Argentina,organic_Argentina,organic,959.84
2025-04-08,Argentina,paid_search_Argentina,paid_search,2825.69
2025-04-08,Argentina,social_Argentina,social,2267.89
2025-04-09,Mexico,organic_Mexico,organic,821.65
2025-04-09,Mexico,paid_search_Mexico,paid_search,2675.0
2025-04-09,Mexico,social_Mexico,social,2186.09
2025-04-09,Colombia,organic_Colombia,organic,1466.77
2025-04-09,Colombia,paid_search_Colombia,paid_search,2843.17
2025-04-09,Colombia,social_Colombia,social,2524.52
2025-04-09,Argentina,organic_Argentina,organic,2084.06
2025-04-09,Argentina,paid_search_Argentina,paid_search,1620.5
2025-04-09,Argentina,social_Argentina,social,1617.24
2025-04-10,Mexico,organic_Mexico,organic,530.09
2025-04-10,Mexico,paid_search_Mexico,paid_search,900.22
2025-04-10,Mexico,social_Mexico,social,2985.3
2025-04-10,Colombia,organic_Colombia,organic,1457.55
2025-04-10,Colombia,paid_search_Colombia,paid_search,605.02
2025-04-10,Colombia,social_Colombia,social,836.96
2025-04-10,Argentina,organic_Argentina,organic,1568.67
2025-04-10,Argentina,paid_search_Argentina,paid_search,568.23
2025-04-10,Argentina,social_Argentina,social,2641.67
2025-04-11,Mexico,organic_Mexico,organic,648.7
2025-04-11,Mexico,paid_search_Mexico,paid_search,1998.4
2025-04-11,Mexico,social_Mexico,social,1019.84
2025-04-11,Colombia,organic_Colombia,organic,1094.33
2025-04-11,Colombia,paid_search_Colombia,paid_search,1805.77
2025-04-11,Colombia,social_Colombia,social,1248.96
2025-04-11,Argentina,organic_Argentina,organic,2797.2
2025-04-11,Argentina,paid_search_Argentina,paid_search,1975.86
2025-04-11,Argentina,social_Argentina,social,529.41
2025-04-12,Mexico,organic_Mexico,organic,2544.38
2025-04-12,Mexico,paid_search_Mexico,paid_search,2012.43
2025-04-12,Mexico,social_Mexico,social,1096.23
2025-04-12,Colombia,organic_Colombia,organic,1141.81
2025-04-12,Colombia,paid_search_Colombia,paid_search,2129.3
2025-04-12,Colombia,social_Colombia,social,2552.18
2025-04-12,Argentina,organic_Argentina,organic,1722.17
2025-04-12,Argentina,paid_search_Argentina,paid_search,1648.06
2025-04-12,Argentina,social_Argentina,social,2414.69
2025-04-13,Mexico,organic_Mexico,organic,998.5
2025-04-13,Mexico,paid_search_Mexico,paid_search,1146.51
2025-04-13,Mexico,social_Mexico,social,1792.3
2025-04-13,Colombia,organic_Colombia,organic,2781.69
2025-04-13,Colombia,paid_search_Colombia,paid_search,1282.75
2025-04-13,Colombia,social_Colombia,social,1714.96
2025-04-13,Argentina,organic_Argentina,organic,1755.88
2025-04-13,Argentina,paid_search_Argentina,paid_search,750.85
2025-04-13,Argentina,social_Argentina,social,1189.58
2025-04-14,Mexico,organic_Mexico,organic,937.27
2025-04-14,Mexico,paid_search_Mexico,paid_search,770.89
2025-04-14,Mexico,social_Mexico,social,2972.83
2025-04-14,Colombia,organic_Colombia,organic,1280.83
2025-04-14,Colombia,paid_search_Colombia,paid_search,1254.61
2025-04-14,Colombia,social_Colombia,social,825.87
2025-04-14,Argentina,organic_Argentina,organic,1502.33
2025-04-14,Argentina,paid_search_Argentina,paid_search,2821.06
2025-04-14,Argentina,social_Argentina,social,640.98
2025-04-15,Mexico,organic_Mexico,organic,1494.61
2025-04-15,Mexico,paid_search_Mexico,paid_search,2547.24
2025-04-15,Mexico,social_Mexico,social,2941.47
2025-04-15,Colombia,organic_Colombia,organic,2850.39
2025-04-15,Colombia,paid_search_Colombia,paid_search,1051.63
2025-04-15,Colombia,social_Colombia,social,1246.96
2025-04-15,Argentina,organic_Argentina,organic,2435.64
2025-04-15,Argentina,paid_search_Argentina,paid_search,1064.27
2025-04-15,Argentina,social_Argentina,social,1838.18
2025-04-16,Mexico,organic_Mexico,organic,822.63
2025-04-16,Mexico,paid_search_Mexico,paid_search,594.56
2025-04-16,Mexico,social_Mexico,social,948.58
2025-04-16,Colombia,organic_Colombia,organic,608.25
2025-04-16,Colombia,paid_search_Colombia,paid_search,2566.05
2025-04-16,Colombia,social_Colombia,social,566.53
2025-04-16,Argentina,organic_Argentina,organic,847.78
2025-04-16,Argentina,paid_search_Argentina,paid_search,1056.46
2025-04-16,Argentina,social_Argentina,social,645.59
2025-04-17,Mexico,organic_Mexico,organic,1281.69
2025-04-17,Mexico,paid_search_Mexico,paid_search,1679.03
2025-04-17,Mexico,social_Mexico,social,2613.53
2025-04-17,Colombia,organic_Colombia,organic,2718.5
2025-04-17,Colombia,paid_search_Colombia,paid_search,1376.71
2025-04-17,Colombia,social_Colombia,social,2544.17
2025-04-17,Argentina,organic_Argentina,organic,552.76
2025-04-17,Argentina,paid_search_Argentina,paid_search,1927.66
2025-04-17,Argentina,social_Argentina,social,1120.11
2025-04-18,Mexico,organic_Mexico,organic,1331.29
2025-04-18,Mexico,paid_search_Mexico,paid_search,685.69
2025-04-18,Mexico,social_Mexico,social,1292.88
2025-04-18,Colombia,organic_Colombia,organic,2001.17
2025-04-18,Colombia,paid_search_Colombia,paid_search,1531.17
2025-04-18,Colombia,social_Colombia,social,1802.53
2025-04-18,Argentina,organic_Argentina,organic,1837.64
2025-04-18,Argentina,paid_search_Argentina,paid_search,737.35
2025-04-18,Argentina,social_Argentina,social,2963.99
2025-04-19,Mexico,organic_Mexico,organic,1911.35
2025-04-19,Mexico,paid_search_Mexico,paid_search,889.34
2025-04-19,Mexico,social_Mexico,social,1271.51
2025-04-19,Colombia,organic_Colombia,organic,1733.01
2025-04-19,Colombia,paid_search_Colombia,paid_search,2511.43
2025-04-19,Colombia,social_Colombia,social,2611.02
2025-04-19,Argentina,organic_Argentina,organic,1592.65
2025-04-19,Argentina,paid_search_Argentina,paid_search,1288.65
2025-04-19,Argentina,social_Argentina,social,1978.68
2025-04-20,Mexico,organic_Mexico,organic,1284.19
2025-04-20,Mexico,paid_search_Mexico,paid_search,1876.04
2025-04-20,Mexico,social_Mexico,social,1303.59
2025-04-20,Colombia,organic_Colombia,organic,1141.41
2025-04-20,Colombia,paid_search_Colombia,paid_search,1852.97
2025-04-20,Colombia,social_Colombia,social,1523.78
2025-04-20,Argentina,organic_Argentina,organic,1053.53
2025-04-20,Argentina,paid_search_Argentina,paid_search,1063.51
2025-04-20,Argentina,social_Argentina,social,1976.55
2025-04-21,Mexico,organic_Mexico,organic,2272.37
2025-04-21,Mexico,paid_search_Mexico,paid_search,2996.17
2025-04-21,Mexico,social_Mexico,social,2565.03
2025-04-21,Colombia,organic_Colombia,organic,1006.44
2025-04-21,Colombia,paid_search_Colombia,paid_search,777.23
2025-04-21,Colombia,social_Colombia,social,741.92
2025-04-21,Argentina,organic_Argentina,organic,2822.89
2025-04-21,Argentina,paid_search_Argentina,paid_search,567.44
2025-04-21,Argentina,social_Argentina,social,923.22
2025-04-22,Mexico,organic_Mexico,organic,1893.79
2025-04-22,Mexico,paid_search_Mexico,paid_search,908.37
2025-04-22,Mexico,social_Mexico,social,2442.91
2025-04-22,Colombia,organic_Colombia,organic,1680.74
2025-04-22,Colombia,paid_search_Colombia,paid_search,2481.71
2025-04-22,Colombia,social_Colombia,social,1095.04
2025-04-22,Argentina,organic_Argentina,organic,2823.71
2025-04-22,Argentina,paid_search_Argentina,paid_search,1944.43
2025-04-22,Argentina,social_Argentina,social,1433.06
2025-04-23,Mexico,organic_Mexico,organic,1129.78
2025-04-23,Mexico,paid_search_Mexico,paid_search,614.26
2025-04-23,Mexico,social_Mexico,social,1129.52
2025-04-23,Colombia,organic_Colombia,organic,1262.89
2025-04-23,Colombia,paid_search_Colombia,paid_search,666.44
2025-04-23,Colombia,social_Colombia,social,1829.06
2025-04-23,Argentina,organic_Argentina,organic,1700.03
2025-04-23,Argentina,paid_search_Argentina,paid_search,2611.31
2025-04-23,Argentina,social_Argentina,social,533.26
2025-04-24,Mexico,organic_Mexico,organic,2044.46
2025-04-24,Mexico,paid_search_Mexico,paid_search,1488.65
2025-04-24,Mexico,social_Mexico,social,2084.1
2025-04-24,Colombia,organic_Colombia,organic,1018.16
2025-04-24,Colombia,paid_search_Colombia,paid_search,1690.43
2025-04-24,Colombia,social_Colombia,social,654.09
2025-04-24,Argentina,organic_Argentina,organic,2186.89
2025-04-24,Argentina,paid_search_Argentina,paid_search,562.54
2025-04-24,Argentina,social_Argentina,social,2036.86
2025-04-25,Mexico,organic_Mexico,organic,2386.72
2025-04-25,Mexico,paid_search_Mexico,paid_search,1969.2
2025-04-25,Mexico,social_Mexico,social,2703.03
2025-04-25,Colombia,organic_Colombia,organic,1766.91
2025-04-25,Colombia,paid_search_Colombia,paid_search,1306.41
2025-04-25,Colombia,social_Colombia,social,875.18
2025-04-25,Argentina,organic_Argentina,organic,2080.03
2025-04-25,Argentina,paid_search_Argentina,paid_search,1599.28
2025-04-25,Argentina,social_Argentina,social,2734.16
2025-04-26,Mexico,organic_Mexico,organic,948.6
2025-04-26,Mexico,paid_search_Mexico,paid_search,1633.72
2025-04-26,Mexico,social_Mexico,social,1312.54
2025-04-26,Colombia,organic_Colombia,organic,1813.5
2025-04-26,Colombia,paid_search_Colombia,paid_search,2839.17
2025-04-26,Colombia,social_Colombia,social,2264.98
2025-04-26,Argentina,organic_Argentina,organic,1003.21
2025-04-26,Argentina,paid_search_Argentina,paid_search,611.18
2025-04-26,Argentina,social_Argentina,social,1541.78
2025-04-27,Mexico,organic_Mexico,organic,925.58
2025-04-27,Mexico,paid_search_Mexico,paid_search,1453.88
2025-04-27,Mexico,social_Mexico,social,1422.36
2025-04-27,Colombia,organic_Colombia,organic,2570.16
2025-04-27,Colombia,paid_search_Colombia,paid_search,2326.63
2025-04-27,Colombia,social_Colombia,social,785.18
2025-04-27,Argentina,organic_Argentina,organic,1933.99
2025-04-27,Argentina,paid_search_Argentina,paid_search,2424.53
2025-04-27,Argentina,social_Argentina,social,735.66
2025-04-28,Mexico,organic_Mexico,organic,2818.57
2025-04-28,Mexico,paid_search_Mexico,paid_search,1961.82
2025-04-28,Mexico,social_Mexico,social,2663.32
2025-04-28,Colombia,organic_Colombia,organic,1066.53
2025-04-28,Colombia,paid_search_Colombia,paid_search,1300.17
2025-04-28,Colombia,social_Colombia,social,2651.21
2025-04-28,Argentina,organic_Argentina,organic,585.09
2025-04-28,Argentina,paid_search_Argentina,paid_search,670.13
2025-04-28,Argentina,social_Argentina,social,2376.12
2025-04-29,Mexico,organic_Mexico,organic,1225.31
2025-04-29,Mexico,paid_search_Mexico,paid_search,2709.97
2025-04-29,Mexico,social_Mexico,social,1925.3
2025-04-29,Colombia,organic_Colombia,organic,1671.9
2025-04-29,Colombia,paid_search_Colombia,paid_search,1337.15
2025-04-29,Colombia,social_Colombia,social,1267.94
2025-04-29,Argentina,organic_Argentina,organic,1610.19
2025-04-29,Argentina,paid_search_Argentina,paid_search,1890.25
2025-04-29,Argentina,social_Argentina,social,1623.33
2025-04-30,Mexico,organic_Mexico,organic,2916.94
2025-04-30,Mexico,paid_search_Mexico,paid_search,1338.84
2025-04-30,Mexico,social_Mexico,social,1012.43
2025-04-30,Colombia,organic_Colombia,organic,2917.53
2025-04-30,Colombia,paid_search_Colombia,paid_search,935.46
2025-04-30,Colombia,social_Colombia,social,1029.55
2025-04-30,Argentina,organic_Argentina,organic,846.33
2025-04-30,Argentina,paid_search_Argentina,paid_search,864.43
2025-04-30,Argentina,social_Argentina,social,1739.55
2025-05-01,Mexico,organic_Mexico,organic,2851.59
2025-05-01,Mexico,paid_search_Mexico,paid_search,569.82
2025-05-01,Mexico,social_Mexico,social,2902.12
2025-05-01,Colombia,organic_Colombia,organic,2406.33
2025-05-01,Colombia,paid_search_Colombia,paid_search,2467.79
2025-05-01,Colombia,social_Colombia,social,2588.51
2025-05-01,Argentina,organic_Argentina,organic,1148.26
2025-05-01,Argentina,paid_search_Argentina,paid_search,1649.66
2025-05-01,Argentina,social_Argentina,social,2990.09
2025-05-02,Mexico,organic_Mexico,organic,605.99
2025-05-02,Mexico,paid_search_Mexico,paid_search,2974.84
2025-05-02,Mexico,social_Mexico,social,1826.62
2025-05-02,Colombia,organic_Colombia,organic,2704.59
2025-05-02,Colombia,paid_search_Colombia,paid_search,687.9
2025-05-02,Colombia,social_Colombia,social,2240.67
2025-05-02,Argentina,organic_Argentina,organic,1571.99
2025-05-02,Argentina,paid_search_Argentina,paid_search,788.42
2025-05-02,Argentina,social_Argentina,social,2324.18
2025-05-03,Mexico,organic_Mexico,organic,1490.89
2025-05-03,Mexico,paid_search_Mexico,paid_search,2040.14
2025-05-03,Mexico,social_Mexico,social,2587.21
2025-05-03,Colombia,organic_Colombia,organic,1548.25
2025-05-03,Colombia,paid_search_Colombia,paid_search,769.59
2025-05-03,Colombia,social_Colombia,social,1734.17
2025-05-03,Argentina,organic_Argentina,organic,2776.26
2025-05-03,Argentina,paid_search_Argentina,paid_search,2382.16
2025-05-03,Argentina,social_Argentina,social,1460.05
2025-05-04,Mexico,organic_Mexico,organic,1466.42
2025-05-04,Mexico,paid_search_Mexico,paid_search,1065.01
2025-05-04,Mexico,social_Mexico,social,700.87
2025-05-04,Colombia,organic_Colombia,organic,2029.19
2025-05-04,Colombia,paid_search_Colombia,paid_search,1132.92
2025-05-04,Colombia,social_Colombia,social,1393.33
2025-05-04,Argentina,organic_Argentina,organic,2161.7
2025-05-04,Argentina,paid_search_Argentina,paid_search,1178.2
2025-05-04,Argentina,social_Argentina,social,2052.55
2025-05-05,Mexico,organic_Mexico,organic,648.03
2025-05-05,Mexico,paid_search_Mexico,paid_search,915.69
2025-05-05,Mexico,social_Mexico,social,2725.8
2025-05-05,Colombia,organic_Colombia,organic,2207.26
2025-05-05,Colombia,paid_search_Colombia,paid_search,2463.91
2025-05-05,Colombia,social_Colombia,social,2980.48
2025-05-05,Argentina,organic_Argentina,organic,2492.03
2025-05-05,Argentina,paid_search_Argentina,paid_search,1409.26
2025-05-05,Argentina,social_Argentina,social,2637.56
2025-05-06,Mexico,organic_Mexico,organic,1336.86
2025-05-06,Mexico,paid_search_Mexico,paid_search,2663.57
2025-05-06,Mexico,social_Mexico,social,946.67
2025-05-06,Colombia,organic_Colombia,organic,520.49
2025-05-06,Colombia,paid_search_Colombia,paid_search,1042.26
2025-05-06,Colombia,social_Colombia,social,653.36
2025-05-06,Argentina,organic_Argentina,organic,2611.16
2025-05-06,Argentina,paid_search_Argentina,paid_search,1580.81
2025-05-06,Argentina,social_Argentina,social,1228.31
2025-05-07,Mexico,organic_Mexico,organic,2014.7
2025-05-07,Mexico,paid_search_Mexico,paid_search,2238.21
2025-05-07,Mexico,social_Mexico,social,722.6
2025-05-07,Colombia,organic_Colombia,organic,1674.2
2025-05-07,Colombia,paid_search_Colombia,paid_search,1327.55
2025-05-07,Colombia,social_Colombia,social,2228.71
2025-05-07,Argentina,organic_Argentina,organic,2772.91
2025-05-07,Argentina,paid_search_Argentina,paid_search,2061.54
2025-05-07,Argentina,social_Argentina,social,2218.4
2025-05-08,Mexico,organic_Mexico,organic,1128.41
2025-05-08,Mexico,paid_search_Mexico,paid_search,2908.08
2025-05-08,Mexico,social_Mexico,social,2143.51
2025-05-08,Colombia,organic_Colombia,organic,1892.26
2025-05-08,Colombia,paid_search_Colombia,paid_search,536.75
2025-05-08,Colombia,social_Colombia,social,1977.14
2025-05-08,Argentina,organic_Argentina,organic,2741.98
2025-05-08,Argentina,paid_search_Argentina,paid_search,1489.06
2025-05-08,Argentina,social_Argentina,social,2060.3
2025-05-09,Mexico,organic_Mexico,organic,2806.78
2025-05-09,Mexico,paid_search_Mexico,paid_search,846.95
2025-05-09,Mexico,social_Mexico,social,2427.19
2025-05-09,Colombia,organic_Colombia,organic,2252.03
2025-05-09,Colombia,paid_search_Colombia,paid_search,1082.27
2025-05-09,Colombia,social_Colombia,social,2115.25
2025-05-09,Argentina,organic_Argentina,organic,2696.62
2025-05-09,Argentina,paid_search_Argentina,paid_search,528.67
2025-05-09,Argentina,social_Argentina,social,2486.07
2025-05-10,Mexico,organic_Mexico,organic,943.36
2025-05-10,Mexico,paid_search_Mexico,paid_search,2752.24
2025-05-10,Mexico,social_Mexico,social,1276.47
2025-05-10,Colombia,organic_Colombia,organic,986.84
2025-05-10,Colombia,paid_search_Colombia,paid_search,1028.75
2025-05-10,Colombia,social_Colombia,social,2922.73
2025-05-10,Argentina,organic_Argentina,organic,2902.08
2025-05-10,Argentina,paid_search_Argentina,paid_search,1284.93
2025-05-10,Argentina,social_Argentina,social,1796.13
2025-05-11,Mexico,organic_Mexico,organic,1870.08
2025-05-11,Mexico,paid_search_Mexico,paid_search,2289.29
2025-05-11,Mexico,social_Mexico,social,716.33
2025-05-11,Colombia,organic_Colombia,organic,2304.82
2025-05-11,Colombia,paid_search_Colombia,paid_search,1421.99
2025-05-11,Colombia,social_Colombia,social,2824.1
2025-05-11,Argentina,organic_Argentina,organic,2695.02
2025-05-11,Argentina,paid_search_Argentina,paid_search,677.93
2025-05-11,Argentina,social_Argentina,social,677.76
2025-05-12,Mexico,organic_Mexico,organic,1340.68
2025-05-12,Mexico,paid_search_Mexico,paid_search,948.06
2025-05-12,Mexico,social_Mexico,social,2736.4
2025-05-12,Colombia,organic_Colombia,organic,2519.44
2025-05-12,Colombia,paid_search_Colombia,paid_search,896.64
2025-05-12,Colombia,social_Colombia,social,1514.16
2025-05-12,Argentina,organic_Argentina,organic,1437.93
2025-05-12,Argentina,paid_search_Argentina,paid_search,1738.81
2025-05-12,Argentina,social_Argentina,social,2890.26
2025-05-13,Mexico,organic_Mexico,organic,1353.06
2025-05-13,Mexico,paid_search_Mexico,paid_search,1463.94
2025-05-13,Mexico,social_Mexico,social,2993.12
2025-05-13,Colombia,organic_Colombia,organic,1160.03
2025-05-13,Colombia,paid_search_Colombia,paid_search,569.62
2025-05-13,Colombia,social_Colombia,social,1713.05
2025-05-13,Argentina,organic_Argentina,organic,2682.01
2025-05-13,Argentina,paid_search_Argentina,paid_search,1562.02
2025-05-13,Argentina,social_Argentina,social,1491.82
2025-05-14,Mexico,organic_Mexico,organic,555.63
2025-05-14,Mexico,paid_search_Mexico,paid_search,1828.94
2025-05-14,Mexico,social_Mexico,social,904.55
2025-05-14,Colombia,organic_Colombia,organic,2494.83
2025-05-14,Colombia,paid_search_Colombia,paid_search,1619.94
2025-05-14,Colombia,social_Colombia,social,1461.46
2025-05-14,Argentina,organic_Argentina,organic,1480.95
2025-05-14,Argentina,paid_search_Argentina,paid_search,744.87
2025-05-14,Argentina,social_Argentina,social,1588.79
2025-05-15,Mexico,organic_Mexico,organic,2692.4
2025-05-15,Mexico,paid_search_Mexico,paid_search,2424.47
2025-05-15,Mexico,social_Mexico,social,1111.38
2025-05-15,Colombia,organic_Colombia,organic,2601.03
2025-05-15,Colombia,paid_search_Colombia,paid_search,1583.01
2025-05-15,Colombia,social_Colombia,social,1759.73
2025-05-15,Argentina,organic_Argentina,organic,935.04
2025-05-15,Argentina,paid_search_Argentina,paid_search,2161.22
2025-05-15,Argentina,social_Argentina,social,1669.26
2025-05-16,Mexico,organic_Mexico,organic,649.84
2025-05-16,Mexico,paid_search_Mexico,paid_search,534.47
2025-05-16,Mexico,social_Mexico,social,2039.43
2025-05-16,Colombia,organic_Colombia,organic,2047.01
2025-05-16,Colombia,paid_search_Colombia,paid_search,2685.95
2025-05-16,Colombia,social_Colombia,social,2198.65
2025-05-16,Argentina,organic_Argentina,organic,1048.0
2025-05-16,Argentina,paid_search_Argentina,paid_search,2579.89
2025-05-16,Argentina,social_Argentina,social,2551.62
2025-05-17,Mexico,organic_Mexico,organic,1267.54
2025-05-17,Mexico,paid_search_Mexico,paid_search,1339.37
2025-05-17,Mexico,social_Mexico,social,806.06
2025-05-17,Colombia,organic_Colombia,organic,584.3
2025-05-17,Colombia,paid_search_Colombia,paid_search,864.29
2025-05-17,Colombia,social_Colombia,social,1205.25
2025-05-17,Argentina,organic_Argentina,organic,953.03
2025-05-17,Argentina,paid_search_Argentina,paid_search,1343.76
2025-05-17,Argentina,social_Argentina,social,1654.8
2025-05-18,Mexico,organic_Mexico,organic,2719.56
2025-05-18,Mexico,paid_search_Mexico,paid_search,1818.64
2025-05-18,Mexico,social_Mexico,social,1877.49
2025-05-18,Colombia,organic_Colombia,organic,2298.38
2025-05-18,Colombia,paid_search_Colombia,paid_search,2778.11
2025-05-18,Colombia,social_Colombia,social,1700.56
2025-05-18,Argentina,organic_Argentina,organic,2334.63
2025-05-18,Argentina,paid_search_Argentina,paid_search,794.44
2025-05-18,Argentina,social_Argentina,social,1774.99
2025-05-19,Mexico,organic_Mexico,organic,850.81
2025-05-19,Mexico,paid_search_Mexico,paid_search,590.59
2025-05-19,Mexico,social_Mexico,social,2756.35
2025-05-19,Colombia,organic_Colombia,organic,2231.17
2025-05-19,Colombia,paid_search_Colombia,paid_search,553.81
2025-05-19,Colombia,social_Colombia,social,974.02
2025-05-19,Argentina,organic_Argentina,organic,1508.45
2025-05-19,Argentina,paid_search_Argentina,paid_search,2645.5
2025-05-19,Argentina,social_Argentina,social,2103.7
2025-05-20,Mexico,organic_Mexico,organic,2505.21
2025-05-20,Mexico,paid_search_Mexico,paid_search,2822.48
2025-05-20,Mexico,social_Mexico,social,2785.53
2025-05-20,Colombia,organic_Colombia,organic,2737.81
2025-05-20,Colombia,paid_search_Colombia,paid_search,2262.06
2025-05-20,Colombia,social_Colombia,social,2934.23
2025-05-20,Argentina,organic_Argentina,organic,2849.67
2025-05-20,Argentina,paid_search_Argentina,paid_search,1692.0
2025-05-20,Argentina,social_Argentina,social,2513.88
2025-05-21,Mexico,organic_Mexico,organic,2833.98
2025-05-21,Mexico,paid_search_Mexico,paid_search,1621.4
2025-05-21,Mexico,social_Mexico,social,2366.04
2025-05-21,Colombia,organic_Colombia,organic,872.31
2025-05-21,Colombia,paid_search_Colombia,paid_search,2826.54
2025-05-21,Colombia,social_Colombia,social,1030.9
2025-05-21,Argentina,organic_Argentina,organic,2192.94
2025-05-21,Argentina,paid_search_Argentina,paid_search,1247.04
2025-05-21,Argentina,social_Argentina,social,2490.14
2025-05-22,Mexico,organic_Mexico,organic,1672.35
2025-05-22,Mexico,paid_search_Mexico,paid_search,1100.08
2025-05-22,Mexico,social_Mexico,social,1029.89
2025-05-22,Colombia,organic_Colombia,organic,1720.72
2025-05-22,Colombia,paid_search_Colombia,paid_search,1336.49
2025-05-22,Colombia,social_Colombia,social,1603.92
2025-05-22,Argentina,organic_Argentina,organic,2557.54
2025-05-22,Argentina,paid_search_Argentina,paid_search,2968.64
2025-05-22,Argentina,social_Argentina,social,1678.44
2025-05-23,Mexico,organic_Mexico,organic,550.29
2025-05-23,Mexico,paid_search_Mexico,paid_search,1009.53
2025-05-23,Mexico,social_Mexico,social,1282.33
2025-05-23,Colombia,organic_Colombia,organic,2696.41
2025-05-23,Colombia,paid_search_Colombia,paid_search,1322.1
2025-05-23,Colombia,social_Colombia,social,678.08
2025-05-23,Argentina,organic_Argentina,organic,1732.6
2025-05-23,Argentina,paid_search_Argentina,paid_search,1618.97
2025-05-23,Argentina,social_Argentina,social,2098.07
2025-05-24,Mexico,organic_Mexico,organic,1797.3
2025-05-24,Mexico,paid_search_Mexico,paid_search,1545.07
2025-05-24,Mexico,social_Mexico,social,2735.86
2025-05-24,Colombia,organic_Colombia,organic,1695.92
2025-05-24,Colombia,paid_search_Colombia,paid_search,1887.03
2025-05-24,Colombia,social_Colombia,social,625.91
2025-05-24,Argentina,organic_Argentina,organic,1519.57
2025-05-24,Argentina,paid_search_Argentina,paid_search,2622.36
2025-05-24,Argentina,social_Argentina,social,2281.24
2025-05-25,Mexico,organic_Mexico,organic,2387.31
2025-05-25,Mexico,paid_search_Mexico,paid_search,1069.36
2025-05-25,Mexico,social_Mexico,social,799.66
2025-05-25,Colombia,organic_Colombia,organic,2647.84
2025-05-25,Colombia,paid_search_Colombia,paid_search,1784.58
2025-05-25,Colombia,social_Colombia,social,2853.59
2025-05-25,Argentina,organic_Argentina,organic,2834.03
2025-05-25,Argentina,paid_search_Argentina,paid_search,2488.85
2025-05-25,Argentina,social_Argentina,social,2240.36
2025-05-26,Mexico,organic_Mexico,organic,2653.76
2025-05-26,Mexico,paid_search_Mexico,paid_search,1351.59
2025-05-26,Mexico,social_Mexico,social,664.72
2025-05-26,Colombia,organic_Colombia,organic,2263.14
2025-05-26,Colombia,paid_search_Colombia,paid_search,1254.68
2025-05-26,Colombia,social_Colombia,social,2071.61
2025-05-26,Argentina,organic_Argentina,organic,2906.99
2025-05-26,Argentina,paid_search_Argentina,paid_search,1369.21
2025-05-26,Argentina,social_Argentina,social,2606.24
2025-05-27,Mexico,organic_Mexico,organic,1656.06
2025-05-27,Mexico,paid_search_Mexico,paid_search,1246.68
2025-05-27,Mexico,social_Mexico,social,1206.19
2025-05-27,Colombia,organic_Colombia,organic,2432.6
2025-05-27,Colombia,paid_search_Colombia,paid_search,582.61
2025-05-27,Colombia,social_Colombia,social,2443.26
2025-05-27,Argentina,organic_Argentina,organic,1926.89
2025-05-27,Argentina,paid_search_Argentina,paid_search,2790.81
2025-05-27,Argentina,social_Argentina,social,1724.43
2025-05-28,Mexico,organic_Mexico,organic,2995.5
2025-05-28,Mexico,paid_search_Mexico,paid_search,1088.51
2025-05-28,Mexico,social_Mexico,social,2325.29
2025-05-28,Colombia,organic_Colombia,organic,1734.94
2025-05-28,Colombia,paid_search_Colombia,paid_search,1077.24
2025-05-28,Colombia,social_Colombia,social,1405.51
2025-05-28,Argentina,organic_Argentina,organic,2205.17
2025-05-28,Argentina,paid_search_Argentina,paid_search,2309.76
2025-05-28,Argentina,social_Argentina,social,2271.87
2025-05-29,Mexico,organic_Mexico,organic,1810.75
2025-05-29,Mexico,paid_search_Mexico,paid_search,2825.93
2025-05-29,Mexico,social_Mexico,social,1697.25
2025-05-29,Colombia,organic_Colombia,organic,1045.21
2025-05-29,Colombia,paid_search_Colombia,paid_search,2516.14
2025-05-29,Colombia,social_Colombia,social,506.18
2025-05-29,Argentina,organic_Argentina,organic,2116.71
2025-05-29,Argentina,paid_search_Argentina,paid_search,2182.33
2025-05-29,Argentina,social_Argentina,social,2670.69
2025-05-30,Mexico,organic_Mexico,organic,692.97
2025-05-30,Mexico,paid_search_Mexico,paid_search,1358.02
2025-05-30,Mexico,social_Mexico,social,2506.24
2025-05-30,Colombia,organic_Colombia,organic,2334.39
2025-05-30,Colombia,paid_search_Colombia,paid_search,695.16
2025-05-30,Colombia,social_Colombia,social,2092.71
2025-05-30,Argentina,organic_Argentina,organic,1859.07
2025-05-30,Argentina,paid_search_Argentina,paid_search,592.18
2025-05-30,Argentina,social_Argentina,social,1191.06
2025-05-31,Mexico,organic_Mexico,organic,1942.38
2025-05-31,Mexico,paid_search_Mexico,paid_search,1467.8
2025-05-31,Mexico,social_Mexico,social,1531.98
2025-05-31,Colombia,organic_Colombia,organic,1797.42
2025-05-31,Colombia,paid_search_Colombia,paid_search,562.07
2025-05-31,Colombia,social_Colombia,social,2387.6
2025-05-31,Argentina,organic_Argentina,organic,2669.41
2025-05-31,Argentina,paid_search_Argentina,paid_search,1025.37
2025-05-31,Argentina,social_Argentina,social,1108.82
2025-06-01,Mexico,organic_Mexico,organic,1673.57
2025-06-01,Mexico,paid_search_Mexico,paid_search,637.16
2025-06-01,Mexico,social_Mexico,social,2422.35
2025-06-01,Colombia,organic_Colombia,organic,1548.67
2025-06-01,Colombia,paid_search_Colombia,paid_search,612.13
2025-06-01,Colombia,social_Colombia,social,1717.04
2025-06-01,Argentina,organic_Argentina,organic,2189.52
2025-06-01,Argentina,paid_search_Argentina,paid_search,2548.87
2025-06-01,Argentina,social_Argentina,social,993.65
2025-06-02,Mexico,organic_Mexico,organic,934.5
2025-06-02,Mexico,paid_search_Mexico,paid_search,2367.47
2025-06-02,Mexico,social_Mexico,social,1462.54
2025-06-02,Colombia,organic_Colombia,organic,2681.38
2025-06-02,Colombia,paid_search_Colombia,paid_search,1023.03
2025-06-02,Colombia,social_Colombia,social,1836.83
2025-06-02,Argentina,organic_Argentina,organic,2387.47
2025-06-02,Argentina,paid_search_Argentina,paid_search,1930.52
2025-06-02,Argentina,social_Argentina,social,1031.22
2025-06-03,Mexico,organic_Mexico,organic,1565.05
2025-06-03,Mexico,paid_search_Mexico,paid_search,2135.76
2025-06-03,Mexico,social_Mexico,social,2859.48
2025-06-03,Colombia,organic_Colombia,organic,2588.45
2025-06-03,Colombia,paid_search_Colombia,paid_search,712.35
2025-06-03,Colombia,social_Colombia,social,922.31
2025-06-03,Argentina,organic_Argentina,organic,2925.69
2025-06-03,Argentina,paid_search_Argentina,paid_search,958.07
2025-06-03,Argentina,social_Argentina,social,1508.93
2025-06-04,Mexico,organic_Mexico,organic,1536.77
2025-06-04,Mexico,paid_search_Mexico,paid_search,2973.71
2025-06-04,Mexico,social_Mexico,social,1561.77
2025-06-04,Colombia,organic_Colombia,organic,2483.33
2025-06-04,Colombia,paid_search_Colombia,paid_search,501.11
2025-06-04,Colombia,social_Colombia,social,2420.58
2025-06-04,Argentina,organic_Argentina,organic,1363.94
2025-06-04,Argentina,paid_search_Argentina,paid_search,2422.22
2025-06-04,Argentina,social_Argentina,social,2890.15
2025-06-05,Mexico,organic_Mexico,organic,2492.62
2025-06-05,Mexico,paid_search_Mexico,paid_search,2019.64
2025-06-05,Mexico,social_Mexico,social,2219.87
2025-06-05,Colombia,organic_Colombia,organic,2299.54
2025-06-05,Colombia,paid_search_Colombia,paid_search,597.26
2025-06-05,Colombia,social_Colombia,social,1469.55
2025-06-05,Argentina,organic_Argentina,organic,2236.3
2025-06-05,Argentina,paid_search_Argentina,paid_search,523.77
2025-06-05,Argentina,social_Argentina,social,2544.31
2025-06-06,Mexico,organic_Mexico,organic,1610.46
2025-06-06,Mexico,paid_search_Mexico,paid_search,2842.06
2025-06-06,Mexico,social_Mexico,social,1239.46
2025-06-06,Colombia,organic_Colombia,organic,2780.37
2025-06-06,Colombia,paid_search_Colombia,paid_search,1257.14
2025-06-06,Colombia,social_Colombia,social,2852.37
2025-06-06,Argentina,organic_Argentina,organic,2485.9
2025-06-06,Argentina,paid_search_Argentina,paid_search,1014.75
2025-06-06,Argentina,social_Argentina,social,2983.78
2025-06-07,Mexico,organic_Mexico,organic,2390.92
2025-06-07,Mexico,paid_search_Mexico,paid_search,2486.44
2025-06-07,Mexico,social_Mexico,social,1639.31
2025-06-07,Colombia,organic_Colombia,organic,2888.17
2025-06-07,Colombia,paid_search_Colombia,paid_search,1153.74
2025-06-07,Colombia,social_Colombia,social,1937.7
2025-06-07,Argentina,organic_Argentina,organic,1116.45
2025-06-07,Argentina,paid_search_Argentina,paid_search,2597.03
2025-06-07,Argentina,social_Argentina,social,2492.18
2025-06-08,Mexico,organic_Mexico,organic,1674.24
2025-06-08,Mexico,paid_search_Mexico,paid_search,1887.81
2025-06-08,Mexico,social_Mexico,social,2762.42
2025-06-08,Colombia,organic_Colombia,organic,2909.76
2025-06-08,Colombia,paid_search_Colombia,paid_search,502.16
2025-06-08,Colombia,social_Colombia,social,807.17
2025-06-08,Argentina,organic_Argentina,organic,1893.47
2025-06-08,Argentina,paid_search_Argentina,paid_search,2700.21
2025-06-08,Argentina,social_Argentina,social,2005.16
2025-06-09,Mexico,organic_Mexico,organic,1256.45
2025-06-09,Mexico,paid_search_Mexico,paid_search,2957.49
2025-06-09,Mexico,social_Mexico,social,1123.02
2025-06-09,Colombia,organic_Colombia,organic,1037.71
2025-06-09,Colombia,paid_search_Colombia,paid_search,1611.78
2025-06-09,Colombia,social_Colombia,social,2854.66
2025-06-09,Argentina,organic_Argentina,organic,762.88
2025-06-09,Argentina,paid_search_Argentina,paid_search,1101.96
2025-06-09,Argentina,social_Argentina,social,2775.27
2025-06-10,Mexico,organic_Mexico,organic,2752.72
2025-06-10,Mexico,paid_search_Mexico,paid_search,1688.89
2025-06-10,Mexico,social_Mexico,social,1272.65
2025-06-10,Colombia,organic_Colombia,organic,2227.03
2025-06-10,Colombia,paid_search_Colombia,paid_search,2773.81
2025-06-10,Colombia,social_Colombia,social,2018.03
2025-06-10,Argentina,organic_Argentina,organic,527.76
2025-06-10,Argentina,paid_search_Argentina,paid_search,684.98
2025-06-10,Argentina,social_Argentina,social,1927.11
2025-06-11,Mexico,organic_Mexico,organic,912.34
2025-06-11,Mexico,paid_search_Mexico,paid_search,524.14
2025-06-11,Mexico,social_Mexico,social,2277.27
2025-06-11,Colombia,organic_Colombia,organic,2112.63
2025-06-11,Colombia,paid_search_Colombia,paid_search,1298.34
2025-06-11,Colombia,social_Colombia,social,2049.25
2025-06-11,Argentina,organic_Argentina,organic,986.14
2025-06-11,Argentina,paid_search_Argentina,paid_search,1927.7
2025-06-11,Argentina,social_Argentina,social,2579.28
2025-06-12,Mexico,organic_Mexico,organic,2889.05
2025-06-12,Mexico,paid_search_Mexico,paid_search,1598.76
2025-06-12,Mexico,social_Mexico,social,1243.83
2025-06-12,Colombia,organic_Colombia,organic,1308.91
2025-06-12,Colombia,paid_search_Colombia,paid_search,1044.05
2025-06-12,Colombia,social_Colombia,social,1803.99
2025-06-12,Argentina,organic_Argentina,organic,1384.07
2025-06-12,Argentina,paid_search_Argentina,paid_search,2984.53
2025-06-12,Argentina,social_Argentina,social,2811.33
2025-06-13,Mexico,organic_Mexico,organic,2211.3
2025-06-13,Mexico,paid_search_Mexico,paid_search,1032.4
2025-06-13,Mexico,social_Mexico,social,1603.73
2025-06-13,Colombia,organic_Colombia,organic,543.52
2025-06-13,Colombia,paid_search_Colombia,paid_search,1228.95
2025-06-13,Colombia,social_Colombia,social,1898.16
2025-06-13,Argentina,organic_Argentina,organic,2306.18
2025-06-13,Argentina,paid_search_Argentina,paid_search,942.08
2025-06-13,Argentina,social_Argentina,social,2132.96
2025-06-14,Mexico,organic_Mexico,organic,1816.1
2025-06-14,Mexico,paid_search_Mexico,paid_search,820.87
2025-06-14,Mexico,social_Mexico,social,1961.57
2025-06-14,Colombia,organic_Colombia,organic,604.16
2025-06-14,Colombia,paid_search_Colombia,paid_search,2595.35
2025-06-14,Colombia,social_Colombia,social,1715.34
2025-06-14,Argentina,organic_Argentina,organic,2427.72
2025-06-14,Argentina,paid_search_Argentina,paid_search,518.16
2025-06-14,Argentina,social_Argentina,social,2533.02
2025-06-15,Mexico,organic_Mexico,organic,2553.92
2025-06-15,Mexico,paid_search_Mexico,paid_search,1021.85
2025-06-15,Mexico,social_Mexico,social,1814.57
2025-06-15,Colombia,organic_Colombia,organic,2891.53
2025-06-15,Colombia,paid_search_Colombia,paid_search,2538.57
2025-06-15,Colombia,social_Colombia,social,731.83
2025-06-15,Argentina,organic_Argentina,organic,1865.91
2025-06-15,Argentina,paid_search_Argentina,paid_search,2844.48
2025-06-15,Argentina,social_Argentina,social,2870.27
2025-06-16,Mexico,organic_Mexico,organic,2795.74
2025-06-16,Mexico,paid_search_Mexico,paid_search,2636.82
2025-06-16,Mexico,social_Mexico,social,1619.8
2025-06-16,Colombia,organic_Colombia,organic,1126.89
2025-06-16,Colombia,paid_search_Colombia,paid_search,2119.47
2025-06-16,Colombia,social_Colombia,social,1008.3
2025-06-16,Argentina,organic_Argentina,organic,732.09
2025-06-16,Argentina,paid_search_Argentina,paid_search,992.57
2025-06-16,Argentina,social_Argentina,social,2621.25
2025-06-17,Mexico,organic_Mexico,organic,1076.9
2025-06-17,Mexico,paid_search_Mexico,paid_search,2611.28
2025-06-17,Mexico,social_Mexico,social,559.38
2025-06-17,Colombia,organic_Colombia,organic,2806.85
2025-06-17,Colombia,paid_search_Colombia,paid_search,2593.84
2025-06-17,Colombia,social_Colombia,social,2328.96
2025-06-17,Argentina,organic_Argentina,organic,1307.51
2025-06-17,Argentina,paid_search_Argentina,paid_search,842.72
2025-06-17,Argentina,social_Argentina,social,841.3
2025-06-18,Mexico,organic_Mexico,organic,1378.56
2025-06-18,Mexico,paid_search_Mexico,paid_search,1116.95
2025-06-18,Mexico,social_Mexico,social,954.14
2025-06-18,Colombia,organic_Colombia,organic,814.26
2025-06-18,Colombia,paid_search_Colombia,paid_search,2220.44
2025-06-18,Colombia,social_Colombia,social,802.92
2025-06-18,Argentina,organic_Argentina,organic,2457.2
2025-06-18,Argentina,paid_search_Argentina,paid_search,2445.88
2025-06-18,Argentina,social_Argentina,social,2330.78
2025-06-19,Mexico,organic_Mexico,organic,1956.53
2025-06-19,Mexico,paid_search_Mexico,paid_search,749.69
2025-06-19,Mexico,social_Mexico,social,1757.67
2025-06-19,Colombia,organic_Colombia,organic,863.35
2025-06-19,Colombia,paid_search_Colombia,paid_search,1876.5
2025-06-19,Colombia,social_Colombia,social,832.89
2025-06-19,Argentina,organic_Argentina,organic,936.72
2025-06-19,Argentina,paid_search_Argentina,paid_search,1731.35
2025-06-19,Argentina,social_Argentina,social,785.3
2025-06-20,Mexico,organic_Mexico,organic,1653.3
2025-06-20,Mexico,paid_search_Mexico,paid_search,664.77
2025-06-20,Mexico,social_Mexico,social,2609.28
2025-06-20,Colombia,organic_Colombia,organic,1980.55
2025-06-20,Colombia,paid_search_Colombia,paid_search,2529.79
2025-06-20,Colombia,social_Colombia,social,691.0
2025-06-20,Argentina,organic_Argentina,organic,1517.75
2025-06-20,Argentina,paid_search_Argentina,paid_search,2499.17
2025-06-20,Argentina,social_Argentina,social,1106.19
2025-06-21,Mexico,organic_Mexico,organic,1279.96
2025-06-21,Mexico,paid_search_Mexico,paid_search,2906.57
2025-06-21,Mexico,social_Mexico,social,1648.41
2025-06-21,Colombia,organic_Colombia,organic,644.86
2025-06-21,Colombia,paid_search_Colombia,paid_search,2932.41
2025-06-21,Colombia,social_Colombia,social,501.2
2025-06-21,Argentina,organic_Argentina,organic,2446.27
2025-06-21,Argentina,paid_search_Argentina,paid_search,2395.77
2025-06-21,Argentina,social_Argentina,social,1958.27
2025-06-22,Mexico,organic_Mexico,organic,2326.95
2025-06-22,Mexico,paid_search_Mexico,paid_search,645.63
2025-06-22,Mexico,social_Mexico,social,2318.65
2025-06-22,Colombia,organic_Colombia,organic,2624.19
2025-06-22,Colombia,paid_search_Colombia,paid_search,2886.89
2025-06-22,Colombia,social_Colombia,social,2249.27
2025-06-22,Argentina,organic_Argentina,organic,1051.75
2025-06-22,Argentina,paid_search_Argentina,paid_search,1208.51
2025-06-22,Argentina,social_Argentina,social,2971.94
2025-06-23,Mexico,organic_Mexico,organic,1971.96
2025-06-23,Mexico,paid_search_Mexico,paid_search,1971.58
2025-06-23,Mexico,social_Mexico,social,2203.73
2025-06-23,Colombia,organic_Colombia,organic,2112.28
2025-06-23,Colombia,paid_search_Colombia,paid_search,1505.72
2025-06-23,Colombia,social_Colombia,social,2059.52
2025-06-23,Argentina,organic_Argentina,organic,2223.45
2025-06-23,Argentina,paid_search_Argentina,paid_search,1762.47
2025-06-23,Argentina,social_Argentina,social,1278.59
2025-06-24,Mexico,organic_Mexico,organic,613.19
2025-06-24,Mexico,paid_search_Mexico,paid_search,753.98
2025-06-24,Mexico,social_Mexico,social,1732.11
2025-06-24,Colombia,organic_Colombia,organic,2177.79
2025-06-24,Colombia,paid_search_Colombia,paid_search,2921.33
2025-06-24,Colombia,social_Colombia,social,2656.93
2025-06-24,Argentina,organic_Argentina,organic,874.55
2025-06-24,Argentina,paid_search_Argentina,paid_search,1275.32
2025-06-24,Argentina,social_Argentina,social,1307.17
2025-06-25,Mexico,organic_Mexico,organic,2716.71
2025-06-25,Mexico,paid_search_Mexico,paid_search,1350.21
2025-06-25,Mexico,social_Mexico,social,1153.8
2025-06-25,Colombia,organic_Colombia,organic,971.62
2025-06-25,Colombia,paid_search_Colombia,paid_search,1223.97
2025-06-25,Colombia,social_Colombia,social,972.8
2025-06-25,Argentina,organic_Argentina,organic,2107.53
2025-06-25,Argentina,paid_search_Argentina,paid_search,1993.72
2025-06-25,Argentina,social_Argentina,social,1721.23
2025-06-26,Mexico,organic_Mexico,organic,2477.24
2025-06-26,Mexico,paid_search_Mexico,paid_search,2638.78
2025-06-26,Mexico,social_Mexico,social,2981.76
2025-06-26,Colombia,organic_Colombia,organic,1966.94
2025-06-26,Colombia,paid_search_Colombia,paid_search,1824.4
2025-06-26,Colombia,social_Colombia,social,1999.51
2025-06-26,Argentina,organic_Argentina,organic,1340.69
2025-06-26,Argentina,paid_search_Argentina,paid_search,1142.12
2025-06-26,Argentina,social_Argentina,social,2637.71
2025-06-27,Mexico,organic_Mexico,organic,2044.12
2025-06-27,Mexico,paid_search_Mexico,paid_search,2136.52
2025-06-27,Mexico,social_Mexico,social,2063.86
2025-06-27,Colombia,organic_Colombia,organic,604.2
2025-06-27,Colombia,paid_search_Colombia,paid_search,543.84
2025-06-27,Colombia,social_Colombia,social,1466.38
2025-06-27,Argentina,organic_Argentina,organic,1624.72
2025-06-27,Argentina,paid_search_Argentina,paid_search,1935.25
2025-06-27,Argentina,social_Argentina,social,2028.72
2025-06-28,Mexico,organic_Mexico,organic,2913.17
2025-06-28,Mexico,paid_search_Mexico,paid_search,2927.68
2025-06-28,Mexico,social_Mexico,social,1489.55
2025-06-28,Colombia,organic_Colombia,organic,1609.7
2025-06-28,Colombia,paid_search_Colombia,paid_search,784.54
2025-06-28,Colombia,social_Colombia,social,1680.95
2025-06-28,Argentina,organic_Argentina,organic,1510.53
2025-06-28,Argentina,paid_search_Argentina,paid_search,2740.81
2025-06-28,Argentina,social_Argentina,social,861.63
2025-06-29,Mexico,organic_Mexico,organic,1606.43
2025-06-29,Mexico,paid_search_Mexico,paid_search,2064.42
2025-06-29,Mexico,social_Mexico,social,1619.55
2025-06-29,Colombia,organic_Colombia,organic,2285.99
2025-06-29,Colombia,paid_search_Colombia,paid_search,550.5
2025-06-29,Colombia,social_Colombia,social,999.15
2025-06-29,Argentina,organic_Argentina,organic,1267.14
2025-06-29,Argentina,paid_search_Argentina,paid_search,2719.41
2025-06-29,Argentina,social_Argentina,social,621.01
